
> vite-app@0.0.0 dev
> vite

[33mThe CJS build of Vite's Node API is deprecated. See https://vite.dev/guide/troubleshooting.html#vite-cjs-node-api-deprecated for more details.[39m

  [32m[1mVITE[22m v5.4.21[39m  [2mready in [0m[1m1168[22m[2m[0m ms[22m

  [32m➜[39m  [1mLocal[22m:   [36mhttp://localhost:[1m5173[22m/[39m
[2m  [32m➜[39m  [1mNetwork[22m[2m: use [22m[1m--host[22m[2m to expose[22m
[2m[32m  ➜[39m[22m[2m  press [22m[1mh + enter[22m[2m to show help[22m
Browserslist: browsers data (caniuse-lite) is 6 months old. Please run:
  npx update-browserslist-db@latest
  Why you should do it regularly: https://github.com/browserslist/update-db#readme
[2m12:36:45[22m [36m[1m[vite][22m[39m [32mhmr update [39m[2m/src/app/router.tsx, /src/index.css[22m
[2m12:36:49[22m [36m[1m[vite][22m[39m [32mhmr update [39m[2m/src/app/router.tsx, /src/index.css[22m
[2m12:36:54[22m [36m[1m[vite][22m[39m [32mhmr update [39m[2m/src/presupuesto/PilotoPagoTurno.tsx, /src/index.css[22m
[2m12:37:57[22m [36m[1m[vite][22m[39m [32mhmr update [39m[2m/src/presupuesto/PresupuestoFlow.tsx, /src/index.css[22m
[2m12:38:02[22m [36m[1m[vite][22m[39m [32mhmr update [39m[2m/src/presupuesto/PresupuestoFlow.tsx, /src/index.css[22m
[2m12:46:45[22m [36m[1m[vite][22m[39m [32mhmr update [39m[2m/src/app/router.tsx, /src/index.css[22m
[2m12:46:51[22m [36m[1m[vite][22m[39m [32mhmr update [39m[2m/src/app/router.tsx, /src/index.css[22m
[2m12:46:57[22m [36m[1m[vite][22m[39m [32mhmr update [39m[2m/src/presupuesto/PresupuestoFlow.tsx, /src/index.css[22m
[2m12:46:57[22m [31m[1m[vite][22m[39m [31mInternal server error: Duplicate declaration "formatARS"
[0m [90m 54 |[31m [36mconst[31m [33mAPI_BASE[31m [33m=[31m ([36mimport[31m[33m.[31mmeta[33m.[31menv[33m.[31m[33mVITE_API_URL[31m [33m||[31m [32m'http://localhost:3000/api'[31m)[33m.[31mreplace([35m/\/$/[31m[33m,[31m [32m''[31m)
 [90m 55 |[31m
[31m[1m>[22m[31m[90m 56 |[31m [36mfunction[31m formatARS(n[33m:[31m number)[33m:[31m string {
 [90m    |[31m          [31m[1m^[22m[31m[31m[1m^[22m[31m[31m[1m^[22m[31m[31m[1m^[22m[31m[31m[1m^[22m[31m[31m[1m^[22m[31m[31m[1m^[22m[31m[31m[1m^[22m[31m[31m[1m^[22m[31m
 [90m 57 |[31m   [36mreturn[31m [32m'$ '[31m [33m+[31m n[33m.[31mtoLocaleString([32m'es-AR'[31m[33m,[31m { minimumFractionDigits[33m:[31m [35m2[31m[33m,[31m maximumFractionDigits[33m:[31m [35m2[31m })
 [90m 58 |[31m }
 [90m 59 |[31m[0m[39m
  Plugin: [35mvite:react-babel[39m
  File: [36mC:/Users/david/Documents/GitHub/overlix-demo/frontend/src/presupuesto/PresupuestoFlow.tsx[39m
      at File.buildCodeFrameError (C:\Users\david\Documents\GitHub\overlix-demo\frontend\node_modules\@babel\core\lib\transformation\file\file.js:189:12)
      at Scope.checkBlockScopedCollisions (C:\Users\david\Documents\GitHub\overlix-demo\frontend\node_modules\@babel\traverse\lib\scope\index.js:433:27)
      at Scope.registerBinding (C:\Users\david\Documents\GitHub\overlix-demo\frontend\node_modules\@babel\traverse\lib\scope\index.js:530:16)
      at Scope.registerDeclaration (C:\Users\david\Documents\GitHub\overlix-demo\frontend\node_modules\@babel\traverse\lib\scope\index.js:475:12)
      at Object.BlockScoped (C:\Users\david\Documents\GitHub\overlix-demo\frontend\node_modules\@babel\traverse\lib\scope\index.js:276:12)
      at Object.newFn (C:\Users\david\Documents\GitHub\overlix-demo\frontend\node_modules\@babel\traverse\lib\visitors.js:203:17)
      at NodePath._call (C:\Users\david\Documents\GitHub\overlix-demo\frontend\node_modules\@babel\traverse\lib\path\context.js:50:20)
      at NodePath.call (C:\Users\david\Documents\GitHub\overlix-demo\frontend\node_modules\@babel\traverse\lib\path\context.js:40:18)
      at NodePath.visit (C:\Users\david\Documents\GitHub\overlix-demo\frontend\node_modules\@babel\traverse\lib\path\context.js:87:31)
      at TraversalContext.visitQueue (C:\Users\david\Documents\GitHub\overlix-demo\frontend\node_modules\@babel\traverse\lib\context.js:96:16)
      at TraversalContext.visitMultiple (C:\Users\david\Documents\GitHub\overlix-demo\frontend\node_modules\@babel\traverse\lib\context.js:68:17)
      at TraversalContext.visit (C:\Users\david\Documents\GitHub\overlix-demo\frontend\node_modules\@babel\traverse\lib\context.js:117:19)
      at traverseNode (C:\Users\david\Documents\GitHub\overlix-demo\frontend\node_modules\@babel\traverse\lib\traverse-node.js:130:17)
      at traverse (C:\Users\david\Documents\GitHub\overlix-demo\frontend\node_modules\@babel\traverse\lib\index.js:53:34)
      at NodePath.traverse (C:\Users\david\Documents\GitHub\overlix-demo\frontend\node_modules\@babel\traverse\lib\path\index.js:120:24)
      at Scope.crawl (C:\Users\david\Documents\GitHub\overlix-demo\frontend\node_modules\@babel\traverse\lib\scope\index.js:695:10)
      at Scope.init (C:\Users\david\Documents\GitHub\overlix-demo\frontend\node_modules\@babel\traverse\lib\scope\index.js:661:12)
      at NodePath.setScope (C:\Users\david\Documents\GitHub\overlix-demo\frontend\node_modules\@babel\traverse\lib\path\context.js:139:55)
      at NodePath.setContext (C:\Users\david\Documents\GitHub\overlix-demo\frontend\node_modules\@babel\traverse\lib\path\context.js:151:12)
      at new File (C:\Users\david\Documents\GitHub\overlix-demo\frontend\node_modules\@babel\core\lib\transformation\file\file.js:80:8)
      at normalizeFile (C:\Users\david\Documents\GitHub\overlix-demo\frontend\node_modules\@babel\core\lib\transformation\normalize-file.js:96:10)
      at normalizeFile.next (<anonymous>)
      at run (C:\Users\david\Documents\GitHub\overlix-demo\frontend\node_modules\@babel\core\lib\transformation\index.js:22:50)
      at run.next (<anonymous>)
      at transform (C:\Users\david\Documents\GitHub\overlix-demo\frontend\node_modules\@babel\core\lib\transform.js:22:33)
      at transform.next (<anonymous>)
      at step (C:\Users\david\Documents\GitHub\overlix-demo\frontend\node_modules\gensync\index.js:261:32)
      at C:\Users\david\Documents\GitHub\overlix-demo\frontend\node_modules\gensync\index.js:273:13
      at async.call.result.err.err (C:\Users\david\Documents\GitHub\overlix-demo\frontend\node_modules\gensync\index.js:223:11)
      at C:\Users\david\Documents\GitHub\overlix-demo\frontend\node_modules\gensync\index.js:189:28
      at C:\Users\david\Documents\GitHub\overlix-demo\frontend\node_modules\@babel\core\lib\gensync-utils\async.js:67:7
      at C:\Users\david\Documents\GitHub\overlix-demo\frontend\node_modules\gensync\index.js:113:33
      at step (C:\Users\david\Documents\GitHub\overlix-demo\frontend\node_modules\gensync\index.js:287:14)
      at C:\Users\david\Documents\GitHub\overlix-demo\frontend\node_modules\gensync\index.js:273:13
      at async.call.result.err.err (C:\Users\david\Documents\GitHub\overlix-demo\frontend\node_modules\gensync\index.js:223:11)
[2m12:47:08[22m [36m[1m[vite][22m[39m [32mhmr update [39m[2m/src/presupuesto/PresupuestoFlow.tsx, /src/index.css[22m
[2m12:47:08[22m [31m[1m[vite][22m[39m [31mInternal server error: Duplicate declaration "savePendingQuote"
[0m [90m 221 |[31m [36mconst[31m [33mPENDING_QUOTE_KEY[31m [33m=[31m [32m'ovelix:pending-quote'[31m
 [90m 222 |[31m
[31m[1m>[22m[31m[90m 223 |[31m [36mfunction[31m savePendingQuote(sel[33m:[31m [33mTenantQuoteSelection[31m) {
 [90m     |[31m          [31m[1m^[22m[31m[31m[1m^[22m[31m[31m[1m^[22m[31m[31m[1m^[22m[31m[31m[1m^[22m[31m[31m[1m^[22m[31m[31m[1m^[22m[31m[31m[1m^[22m[31m[31m[1m^[22m[31m[31m[1m^[22m[31m[31m[1m^[22m[31m[31m[1m^[22m[31m[31m[1m^[22m[31m[31m[1m^[22m[31m[31m[1m^[22m[31m[31m[1m^[22m[31m
 [90m 224 |[31m   [36mtry[31m {
 [90m 225 |[31m     sessionStorage[33m.[31msetItem([33mPENDING_QUOTE_KEY[31m[33m,[31m [33mJSON[31m[33m.[31mstringify(sel))
 [90m 226 |[31m   } [36mcatch[31m {[0m[39m
  Plugin: [35mvite:react-babel[39m
  File: [36mC:/Users/david/Documents/GitHub/overlix-demo/frontend/src/presupuesto/PresupuestoFlow.tsx[39m
      at File.buildCodeFrameError (C:\Users\david\Documents\GitHub\overlix-demo\frontend\node_modules\@babel\core\lib\transformation\file\file.js:189:12)
      at Scope.checkBlockScopedCollisions (C:\Users\david\Documents\GitHub\overlix-demo\frontend\node_modules\@babel\traverse\lib\scope\index.js:433:27)
      at Scope.registerBinding (C:\Users\david\Documents\GitHub\overlix-demo\frontend\node_modules\@babel\traverse\lib\scope\index.js:530:16)
      at Scope.registerDeclaration (C:\Users\david\Documents\GitHub\overlix-demo\frontend\node_modules\@babel\traverse\lib\scope\index.js:475:12)
      at Object.BlockScoped (C:\Users\david\Documents\GitHub\overlix-demo\frontend\node_modules\@babel\traverse\lib\scope\index.js:276:12)
      at Object.newFn (C:\Users\david\Documents\GitHub\overlix-demo\frontend\node_modules\@babel\traverse\lib\visitors.js:203:17)
      at NodePath._call (C:\Users\david\Documents\GitHub\overlix-demo\frontend\node_modules\@babel\traverse\lib\path\context.js:50:20)
      at NodePath.call (C:\Users\david\Documents\GitHub\overlix-demo\frontend\node_modules\@babel\traverse\lib\path\context.js:40:18)
      at NodePath.visit (C:\Users\david\Documents\GitHub\overlix-demo\frontend\node_modules\@babel\traverse\lib\path\context.js:87:31)
      at TraversalContext.visitQueue (C:\Users\david\Documents\GitHub\overlix-demo\frontend\node_modules\@babel\traverse\lib\context.js:96:16)
      at TraversalContext.visitMultiple (C:\Users\david\Documents\GitHub\overlix-demo\frontend\node_modules\@babel\traverse\lib\context.js:68:17)
      at TraversalContext.visit (C:\Users\david\Documents\GitHub\overlix-demo\frontend\node_modules\@babel\traverse\lib\context.js:117:19)
      at traverseNode (C:\Users\david\Documents\GitHub\overlix-demo\frontend\node_modules\@babel\traverse\lib\traverse-node.js:130:17)
      at traverse (C:\Users\david\Documents\GitHub\overlix-demo\frontend\node_modules\@babel\traverse\lib\index.js:53:34)
      at NodePath.traverse (C:\Users\david\Documents\GitHub\overlix-demo\frontend\node_modules\@babel\traverse\lib\path\index.js:120:24)
      at Scope.crawl (C:\Users\david\Documents\GitHub\overlix-demo\frontend\node_modules\@babel\traverse\lib\scope\index.js:695:10)
      at Scope.init (C:\Users\david\Documents\GitHub\overlix-demo\frontend\node_modules\@babel\traverse\lib\scope\index.js:661:12)
      at NodePath.setScope (C:\Users\david\Documents\GitHub\overlix-demo\frontend\node_modules\@babel\traverse\lib\path\context.js:139:55)
      at NodePath.setContext (C:\Users\david\Documents\GitHub\overlix-demo\frontend\node_modules\@babel\traverse\lib\path\context.js:151:12)
      at new File (C:\Users\david\Documents\GitHub\overlix-demo\frontend\node_modules\@babel\core\lib\transformation\file\file.js:80:8)
      at normalizeFile (C:\Users\david\Documents\GitHub\overlix-demo\frontend\node_modules\@babel\core\lib\transformation\normalize-file.js:96:10)
      at normalizeFile.next (<anonymous>)
      at run (C:\Users\david\Documents\GitHub\overlix-demo\frontend\node_modules\@babel\core\lib\transformation\index.js:22:50)
      at run.next (<anonymous>)
      at transform (C:\Users\david\Documents\GitHub\overlix-demo\frontend\node_modules\@babel\core\lib\transform.js:22:33)
      at transform.next (<anonymous>)
      at step (C:\Users\david\Documents\GitHub\overlix-demo\frontend\node_modules\gensync\index.js:261:32)
      at C:\Users\david\Documents\GitHub\overlix-demo\frontend\node_modules\gensync\index.js:273:13
      at async.call.result.err.err (C:\Users\david\Documents\GitHub\overlix-demo\frontend\node_modules\gensync\index.js:223:11)
      at C:\Users\david\Documents\GitHub\overlix-demo\frontend\node_modules\gensync\index.js:189:28
      at C:\Users\david\Documents\GitHub\overlix-demo\frontend\node_modules\@babel\core\lib\gensync-utils\async.js:67:7
      at C:\Users\david\Documents\GitHub\overlix-demo\frontend\node_modules\gensync\index.js:113:33
      at step (C:\Users\david\Documents\GitHub\overlix-demo\frontend\node_modules\gensync\index.js:287:14)
      at C:\Users\david\Documents\GitHub\overlix-demo\frontend\node_modules\gensync\index.js:273:13
      at async.call.result.err.err (C:\Users\david\Documents\GitHub\overlix-demo\frontend\node_modules\gensync\index.js:223:11)
[2m12:47:24[22m [36m[1m[vite][22m[39m [32mhmr update [39m[2m/src/presupuesto/PresupuestoFlow.tsx, /src/index.css[22m
[2m12:47:24[22m [31m[1m[vite][22m[39m [31mInternal server error: Duplicate declaration "savePendingQuote"
[0m [90m 203 |[31m [36mconst[31m [33mPENDING_QUOTE_KEY[31m [33m=[31m [32m'ovelix:pending-quote'[31m
 [90m 204 |[31m
[31m[1m>[22m[31m[90m 205 |[31m [36mfunction[31m savePendingQuote(sel[33m:[31m [33mTenantQuoteSelection[31m) {
 [90m     |[31m          [31m[1m^[22m[31m[31m[1m^[22m[31m[31m[1m^[22m[31m[31m[1m^[22m[31m[31m[1m^[22m[31m[31m[1m^[22m[31m[31m[1m^[22m[31m[31m[1m^[22m[31m[31m[1m^[22m[31m[31m[1m^[22m[31m[31m[1m^[22m[31m[31m[1m^[22m[31m[31m[1m^[22m[31m[31m[1m^[22m[31m[31m[1m^[22m[31m[31m[1m^[22m[31m
 [90m 206 |[31m   [36mtry[31m {
 [90m 207 |[31m     sessionStorage[33m.[31msetItem([33mPENDING_QUOTE_KEY[31m[33m,[31m [33mJSON[31m[33m.[31mstringify(sel))
 [90m 208 |[31m   } [36mcatch[31m {[0m[39m
  Plugin: [35mvite:react-babel[39m
  File: [36mC:/Users/david/Documents/GitHub/overlix-demo/frontend/src/presupuesto/PresupuestoFlow.tsx[39m
      at File.buildCodeFrameError (C:\Users\david\Documents\GitHub\overlix-demo\frontend\node_modules\@babel\core\lib\transformation\file\file.js:189:12)
      at Scope.checkBlockScopedCollisions (C:\Users\david\Documents\GitHub\overlix-demo\frontend\node_modules\@babel\traverse\lib\scope\index.js:433:27)
      at Scope.registerBinding (C:\Users\david\Documents\GitHub\overlix-demo\frontend\node_modules\@babel\traverse\lib\scope\index.js:530:16)
      at Scope.registerDeclaration (C:\Users\david\Documents\GitHub\overlix-demo\frontend\node_modules\@babel\traverse\lib\scope\index.js:475:12)
      at Object.BlockScoped (C:\Users\david\Documents\GitHub\overlix-demo\frontend\node_modules\@babel\traverse\lib\scope\index.js:276:12)
      at Object.newFn (C:\Users\david\Documents\GitHub\overlix-demo\frontend\node_modules\@babel\traverse\lib\visitors.js:203:17)
      at NodePath._call (C:\Users\david\Documents\GitHub\overlix-demo\frontend\node_modules\@babel\traverse\lib\path\context.js:50:20)
      at NodePath.call (C:\Users\david\Documents\GitHub\overlix-demo\frontend\node_modules\@babel\traverse\lib\path\context.js:40:18)
      at NodePath.visit (C:\Users\david\Documents\GitHub\overlix-demo\frontend\node_modules\@babel\traverse\lib\path\context.js:87:31)
      at TraversalContext.visitQueue (C:\Users\david\Documents\GitHub\overlix-demo\frontend\node_modules\@babel\traverse\lib\context.js:96:16)
      at TraversalContext.visitMultiple (C:\Users\david\Documents\GitHub\overlix-demo\frontend\node_modules\@babel\traverse\lib\context.js:68:17)
      at TraversalContext.visit (C:\Users\david\Documents\GitHub\overlix-demo\frontend\node_modules\@babel\traverse\lib\context.js:117:19)
      at traverseNode (C:\Users\david\Documents\GitHub\overlix-demo\frontend\node_modules\@babel\traverse\lib\traverse-node.js:130:17)
      at traverse (C:\Users\david\Documents\GitHub\overlix-demo\frontend\node_modules\@babel\traverse\lib\index.js:53:34)
      at NodePath.traverse (C:\Users\david\Documents\GitHub\overlix-demo\frontend\node_modules\@babel\traverse\lib\path\index.js:120:24)
      at Scope.crawl (C:\Users\david\Documents\GitHub\overlix-demo\frontend\node_modules\@babel\traverse\lib\scope\index.js:695:10)
      at Scope.init (C:\Users\david\Documents\GitHub\overlix-demo\frontend\node_modules\@babel\traverse\lib\scope\index.js:661:12)
      at NodePath.setScope (C:\Users\david\Documents\GitHub\overlix-demo\frontend\node_modules\@babel\traverse\lib\path\context.js:139:55)
      at NodePath.setContext (C:\Users\david\Documents\GitHub\overlix-demo\frontend\node_modules\@babel\traverse\lib\path\context.js:151:12)
      at new File (C:\Users\david\Documents\GitHub\overlix-demo\frontend\node_modules\@babel\core\lib\transformation\file\file.js:80:8)
      at normalizeFile (C:\Users\david\Documents\GitHub\overlix-demo\frontend\node_modules\@babel\core\lib\transformation\normalize-file.js:96:10)
      at normalizeFile.next (<anonymous>)
      at run (C:\Users\david\Documents\GitHub\overlix-demo\frontend\node_modules\@babel\core\lib\transformation\index.js:22:50)
      at run.next (<anonymous>)
      at transform (C:\Users\david\Documents\GitHub\overlix-demo\frontend\node_modules\@babel\core\lib\transform.js:22:33)
      at transform.next (<anonymous>)
      at step (C:\Users\david\Documents\GitHub\overlix-demo\frontend\node_modules\gensync\index.js:261:32)
      at C:\Users\david\Documents\GitHub\overlix-demo\frontend\node_modules\gensync\index.js:273:13
      at async.call.result.err.err (C:\Users\david\Documents\GitHub\overlix-demo\frontend\node_modules\gensync\index.js:223:11)
      at C:\Users\david\Documents\GitHub\overlix-demo\frontend\node_modules\gensync\index.js:189:28
      at C:\Users\david\Documents\GitHub\overlix-demo\frontend\node_modules\@babel\core\lib\gensync-utils\async.js:67:7
      at C:\Users\david\Documents\GitHub\overlix-demo\frontend\node_modules\gensync\index.js:113:33
      at step (C:\Users\david\Documents\GitHub\overlix-demo\frontend\node_modules\gensync\index.js:287:14)
      at C:\Users\david\Documents\GitHub\overlix-demo\frontend\node_modules\gensync\index.js:273:13
      at async.call.result.err.err (C:\Users\david\Documents\GitHub\overlix-demo\frontend\node_modules\gensync\index.js:223:11)
[2m12:47:31[22m [36m[1m[vite][22m[39m [32mhmr update [39m[2m/src/presupuesto/PresupuestoFlow.tsx, /src/index.css[22m
[2m12:47:39[22m [36m[1m[vite][22m[39m [32mhmr update [39m[2m/src/presupuesto/PresupuestoFlow.tsx, /src/index.css[22m
[2m12:47:53[22m [36m[1m[vite][22m[39m [32mhmr update [39m[2m/src/presupuesto/PresupuestoFlow.tsx, /src/index.css[22m
[2m12:47:53[22m [31m[1m[vite][22m[39m [31mInternal server error: C:\Users\david\Documents\GitHub\overlix-demo\frontend\src\presupuesto\PresupuestoFlow.tsx: Identifier 'valuation' has already been declared. (263:8)

[0m [90m 261 |[31m   [36mconst[31m ticketRef [33m=[31m useRef[33m<[31m[33mHTMLDivElement[31m[33m>[31m([36mnull[31m)
 [90m 262 |[31m
[31m[1m>[22m[31m[90m 263 |[31m   [36mconst[31m valuation [33m=[31m [33mDEMO_CONFIG[31m[33m.[31mvaluation
 [90m     |[31m         [31m[1m^[22m[31m
 [90m 264 |[31m   [36mconst[31m contact [33m=[31m [33mDEMO_CONFIG[31m[33m.[31mcontact
 [90m 265 |[31m   [36mconst[31m checkout [33m=[31m [33mDEMO_CONFIG[31m[33m.[31mcheckout
 [90m 266 |[31m[0m[39m
  Plugin: [35mvite:react-babel[39m
  File: [36mC:/Users/david/Documents/GitHub/overlix-demo/frontend/src/presupuesto/PresupuestoFlow.tsx[39m:263:8
[33m  261|    const ticketRef = useRef<HTMLDivElement>(null)
  262|  
  263|    const valuation = DEMO_CONFIG.valuation
     |          ^
  264|    const contact = DEMO_CONFIG.contact
  265|    const checkout = DEMO_CONFIG.checkout[39m
      at constructor (C:\Users\david\Documents\GitHub\overlix-demo\frontend\node_modules\@babel\parser\lib\index.js:365:19)
      at TypeScriptParserMixin.raise (C:\Users\david\Documents\GitHub\overlix-demo\frontend\node_modules\@babel\parser\lib\index.js:6616:19)
      at TypeScriptScopeHandler.checkRedeclarationInScope (C:\Users\david\Documents\GitHub\overlix-demo\frontend\node_modules\@babel\parser\lib\index.js:1619:19)
      at TypeScriptScopeHandler.declareName (C:\Users\david\Documents\GitHub\overlix-demo\frontend\node_modules\@babel\parser\lib\index.js:1585:12)
      at TypeScriptScopeHandler.declareName (C:\Users\david\Documents\GitHub\overlix-demo\frontend\node_modules\@babel\parser\lib\index.js:4892:11)
      at TypeScriptParserMixin.declareNameFromIdentifier (C:\Users\david\Documents\GitHub\overlix-demo\frontend\node_modules\@babel\parser\lib\index.js:7584:16)
      at TypeScriptParserMixin.checkIdentifier (C:\Users\david\Documents\GitHub\overlix-demo\frontend\node_modules\@babel\parser\lib\index.js:7580:12)
      at TypeScriptParserMixin.checkLVal (C:\Users\david\Documents\GitHub\overlix-demo\frontend\node_modules\@babel\parser\lib\index.js:7517:12)
      at TypeScriptParserMixin.parseVarId (C:\Users\david\Documents\GitHub\overlix-demo\frontend\node_modules\@babel\parser\lib\index.js:13429:10)
      at TypeScriptParserMixin.parseVarId (C:\Users\david\Documents\GitHub\overlix-demo\frontend\node_modules\@babel\parser\lib\index.js:9769:11)
      at TypeScriptParserMixin.parseVar (C:\Users\david\Documents\GitHub\overlix-demo\frontend\node_modules\@babel\parser\lib\index.js:13400:12)
      at TypeScriptParserMixin.parseVarStatement (C:\Users\david\Documents\GitHub\overlix-demo\frontend\node_modules\@babel\parser\lib\index.js:13247:10)
      at TypeScriptParserMixin.parseVarStatement (C:\Users\david\Documents\GitHub\overlix-demo\frontend\node_modules\@babel\parser\lib\index.js:9425:31)
      at TypeScriptParserMixin.parseStatementContent (C:\Users\david\Documents\GitHub\overlix-demo\frontend\node_modules\@babel\parser\lib\index.js:12868:23)
      at TypeScriptParserMixin.parseStatementContent (C:\Users\david\Documents\GitHub\overlix-demo\frontend\node_modules\@babel\parser\lib\index.js:9525:18)
      at TypeScriptParserMixin.parseStatementLike (C:\Users\david\Documents\GitHub\overlix-demo\frontend\node_modules\@babel\parser\lib\index.js:12784:17)
      at TypeScriptParserMixin.parseStatementListItem (C:\Users\david\Documents\GitHub\overlix-demo\frontend\node_modules\@babel\parser\lib\index.js:12764:17)
      at TypeScriptParserMixin.parseBlockOrModuleBlockBody (C:\Users\david\Documents\GitHub\overlix-demo\frontend\node_modules\@babel\parser\lib\index.js:13333:61)
      at TypeScriptParserMixin.parseBlockBody (C:\Users\david\Documents\GitHub\overlix-demo\frontend\node_modules\@babel\parser\lib\index.js:13326:10)
      at TypeScriptParserMixin.parseBlock (C:\Users\david\Documents\GitHub\overlix-demo\frontend\node_modules\@babel\parser\lib\index.js:13314:10)
      at TypeScriptParserMixin.parseFunctionBody (C:\Users\david\Documents\GitHub\overlix-demo\frontend\node_modules\@babel\parser\lib\index.js:12117:24)
      at TypeScriptParserMixin.parseFunctionBodyAndFinish (C:\Users\david\Documents\GitHub\overlix-demo\frontend\node_modules\@babel\parser\lib\index.js:12103:10)
      at TypeScriptParserMixin.parseFunctionBodyAndFinish (C:\Users\david\Documents\GitHub\overlix-demo\frontend\node_modules\@babel\parser\lib\index.js:9189:18)
      at C:\Users\david\Documents\GitHub\overlix-demo\frontend\node_modules\@babel\parser\lib\index.js:13462:12
      at TypeScriptParserMixin.withSmartMixTopicForbiddingContext (C:\Users\david\Documents\GitHub\overlix-demo\frontend\node_modules\@babel\parser\lib\index.js:12420:14)
      at TypeScriptParserMixin.parseFunction (C:\Users\david\Documents\GitHub\overlix-demo\frontend\node_modules\@babel\parser\lib\index.js:13461:10)
      at TypeScriptParserMixin.parseExportDefaultExpression (C:\Users\david\Documents\GitHub\overlix-demo\frontend\node_modules\@babel\parser\lib\index.js:13924:19)
      at TypeScriptParserMixin.parseExportDefaultExpression (C:\Users\david\Documents\GitHub\overlix-demo\frontend\node_modules\@babel\parser\lib\index.js:9419:18)
      at TypeScriptParserMixin.parseExport (C:\Users\david\Documents\GitHub\overlix-demo\frontend\node_modules\@babel\parser\lib\index.js:13845:25)
      at TypeScriptParserMixin.parseExport (C:\Users\david\Documents\GitHub\overlix-demo\frontend\node_modules\@babel\parser\lib\index.js:9402:20)
      at TypeScriptParserMixin.parseStatementContent (C:\Users\david\Documents\GitHub\overlix-demo\frontend\node_modules\@babel\parser\lib\index.js:12895:27)
      at TypeScriptParserMixin.parseStatementContent (C:\Users\david\Documents\GitHub\overlix-demo\frontend\node_modules\@babel\parser\lib\index.js:9525:18)
      at TypeScriptParserMixin.parseStatementLike (C:\Users\david\Documents\GitHub\overlix-demo\frontend\node_modules\@babel\parser\lib\index.js:12784:17)
      at TypeScriptParserMixin.parseModuleItem (C:\Users\david\Documents\GitHub\overlix-demo\frontend\node_modules\@babel\parser\lib\index.js:12761:17)
      at TypeScriptParserMixin.parseBlockOrModuleBlockBody (C:\Users\david\Documents\GitHub\overlix-demo\frontend\node_modules\@babel\parser\lib\index.js:13333:36)
      at TypeScriptParserMixin.parseBlockBody (C:\Users\david\Documents\GitHub\overlix-demo\frontend\node_modules\@babel\parser\lib\index.js:13326:10)
      at TypeScriptParserMixin.parseProgram (C:\Users\david\Documents\GitHub\overlix-demo\frontend\node_modules\@babel\parser\lib\index.js:12639:10)
      at TypeScriptParserMixin.parseTopLevel (C:\Users\david\Documents\GitHub\overlix-demo\frontend\node_modules\@babel\parser\lib\index.js:12629:25)
      at TypeScriptParserMixin.parse (C:\Users\david\Documents\GitHub\overlix-demo\frontend\node_modules\@babel\parser\lib\index.js:14505:25)
      at TypeScriptParserMixin.parse (C:\Users\david\Documents\GitHub\overlix-demo\frontend\node_modules\@babel\parser\lib\index.js:10143:18)
      at parse (C:\Users\david\Documents\GitHub\overlix-demo\frontend\node_modules\@babel\parser\lib\index.js:14539:38)
      at parser (C:\Users\david\Documents\GitHub\overlix-demo\frontend\node_modules\@babel\core\lib\parser\index.js:41:34)
      at parser.next (<anonymous>)
      at normalizeFile (C:\Users\david\Documents\GitHub\overlix-demo\frontend\node_modules\@babel\core\lib\transformation\normalize-file.js:64:37)
      at normalizeFile.next (<anonymous>)
      at run (C:\Users\david\Documents\GitHub\overlix-demo\frontend\node_modules\@babel\core\lib\transformation\index.js:22:50)
      at run.next (<anonymous>)
      at transform (C:\Users\david\Documents\GitHub\overlix-demo\frontend\node_modules\@babel\core\lib\transform.js:22:33)
      at transform.next (<anonymous>)
      at step (C:\Users\david\Documents\GitHub\overlix-demo\frontend\node_modules\gensync\index.js:261:32)
[2m12:47:57[22m [36m[1m[vite][22m[39m [32mhmr update [39m[2m/src/presupuesto/PresupuestoFlow.tsx, /src/index.css[22m
[2m12:54:11[22m [36m[1m[vite][22m[39m [32mhmr update [39m[2m/src/presupuesto/Footer.tsx, /src/index.css[22m
[2m12:54:36[22m [36m[1m[vite][22m[39m [32mhmr update [39m[2m/src/app/router.tsx, /src/index.css[22m
[2m12:54:40[22m [36m[1m[vite][22m[39m [32mhmr update [39m[2m/src/app/router.tsx, /src/index.css[22m
[2m01:25:56[22m [36m[1m[vite][22m[39m [32mhmr update [39m[2m/src/presupuesto/ServicesPage.tsx, /src/index.css, /src/presupuesto/TrackingPage.tsx, /src/presupuesto/BookingPage.tsx, /src/presupuesto/Header.tsx, /src/presupuesto/Footer.tsx, /src/presupuesto/PresupuestoFlow.tsx, /src/presupuesto/LegalPage.tsx[22m
[2m01:26:01[22m [36m[1m[vite][22m[39m [32mhmr update [39m[2m/src/presupuesto/ServicesPage.tsx, /src/index.css, /src/presupuesto/TrackingPage.tsx, /src/presupuesto/BookingPage.tsx, /src/presupuesto/Header.tsx, /src/presupuesto/Footer.tsx, /src/presupuesto/PresupuestoFlow.tsx, /src/presupuesto/LegalPage.tsx[22m
[2m01:26:07[22m [36m[1m[vite][22m[39m [32mhmr update [39m[2m/src/presupuesto/PresupuestoFlow.tsx, /src/index.css[22m
[2m01:36:06[22m [36m[1m[vite][22m[39m [32mhmr update [39m[2m/src/presupuesto/ServicesPage.tsx, /src/index.css, /src/presupuesto/TrackingPage.tsx, /src/presupuesto/BookingPage.tsx, /src/presupuesto/Header.tsx, /src/presupuesto/Footer.tsx, /src/presupuesto/PresupuestoFlow.tsx, /src/presupuesto/LegalPage.tsx[22m
[2m01:36:11[22m [36m[1m[vite][22m[39m [32mhmr update [39m[2m/src/presupuesto/ServicesPage.tsx, /src/index.css, /src/presupuesto/TrackingPage.tsx, /src/presupuesto/BookingPage.tsx, /src/presupuesto/Header.tsx, /src/presupuesto/Footer.tsx, /src/presupuesto/PresupuestoFlow.tsx, /src/presupuesto/LegalPage.tsx[22m
[2m01:36:21[22m [36m[1m[vite][22m[39m [32mhmr update [39m[2m/src/presupuesto/ServicesPage.tsx, /src/index.css, /src/presupuesto/TrackingPage.tsx, /src/presupuesto/BookingPage.tsx, /src/presupuesto/Header.tsx, /src/presupuesto/Footer.tsx, /src/presupuesto/PresupuestoFlow.tsx, /src/presupuesto/LegalPage.tsx[22m
[2m01:36:26[22m [36m[1m[vite][22m[39m [32mhmr update [39m[2m/src/presupuesto/PresupuestoLayout.tsx, /src/index.css[22m
[2m01:36:38[22m [36m[1m[vite][22m[39m [32mhmr update [39m[2m/src/app/router.tsx, /src/index.css[22m
[2m01:36:43[22m [36m[1m[vite][22m[39m [32mhmr update [39m[2m/src/app/router.tsx, /src/index.css[22m
[2m01:36:48[22m [36m[1m[vite][22m[39m [32mhmr update [39m[2m/src/presupuesto/Header.tsx, /src/index.css[22m
[2m01:36:53[22m [36m[1m[vite][22m[39m [32mhmr update [39m[2m/src/presupuesto/Header.tsx, /src/index.css[22m
[2m01:36:58[22m [36m[1m[vite][22m[39m [32mhmr update [39m[2m/src/presupuesto/Header.tsx, /src/index.css[22m
[2m01:37:02[22m [36m[1m[vite][22m[39m [32mhmr update [39m[2m/src/presupuesto/Header.tsx, /src/index.css[22m
[2m01:37:07[22m [36m[1m[vite][22m[39m [32mhmr update [39m[2m/src/presupuesto/Header.tsx, /src/index.css[22m
[2m01:37:11[22m [36m[1m[vite][22m[39m [32mhmr update [39m[2m/src/presupuesto/Header.tsx, /src/index.css[22m
[2m01:37:18[22m [36m[1m[vite][22m[39m [32mhmr update [39m[2m/src/presupuesto/Footer.tsx, /src/index.css[22m
[2m01:37:25[22m [36m[1m[vite][22m[39m [32mhmr update [39m[2m/src/presupuesto/LegalPage.tsx, /src/index.css[22m
[2m01:37:34[22m [36m[1m[vite][22m[39m [32mhmr update [39m[2m/src/presupuesto/ServicesPage.tsx, /src/index.css[22m
[2m01:37:42[22m [36m[1m[vite][22m[39m [32mhmr update [39m[2m/src/presupuesto/ServicesPage.tsx, /src/index.css[22m
[2m01:37:46[22m [36m[1m[vite][22m[39m [32mhmr update [39m[2m/src/presupuesto/ServicesPage.tsx, /src/index.css[22m
[2m01:37:51[22m [36m[1m[vite][22m[39m [32mhmr update [39m[2m/src/presupuesto/ServicesPage.tsx, /src/index.css[22m
[2m01:38:00[22m [36m[1m[vite][22m[39m [32mhmr update [39m[2m/src/presupuesto/ServicesPage.tsx, /src/index.css[22m
[2m01:38:05[22m [36m[1m[vite][22m[39m [32mhmr update [39m[2m/src/presupuesto/PresupuestoTenantRoute.tsx, /src/index.css[22m
[2m01:38:10[22m [36m[1m[vite][22m[39m [32mhmr update [39m[2m/src/presupuesto/PresupuestoTenantRoute.tsx, /src/index.css[22m
[2m01:57:07[22m [36m[1m[vite][22m[39m [32mhmr update [39m[2m/src/features/settings/components/TenantPageSection.tsx, /src/index.css[22m
[2m01:57:14[22m [36m[1m[vite][22m[39m [32mhmr update [39m[2m/src/features/settings/components/TenantPageSection.tsx, /src/index.css[22m
[2m10:27:26[22m [36m[1m[vite][22m[39m [32mhmr update [39m[2m/src/presupuesto/TrackingPage.tsx, /src/index.css[22m
[2m10:27:26[22m [36m[1m[vite][22m[39m [32mhmr update [39m[2m/src/presupuesto/TrackingPage.tsx, /src/index.css[22m
[2m10:27:37[22m [36m[1m[vite][22m[39m [32mhmr update [39m[2m/src/pages/repairStatus/RepairStatusPage.tsx, /src/index.css[22m
[2m10:30:48[22m [36m[1m[vite][22m[39m [32mhmr update [39m[2m/src/presupuesto/TrackingPage.tsx, /src/index.css[22m
[2m10:30:48[22m [36m[1m[vite][22m[39m [32mhmr update [39m[2m/src/presupuesto/TrackingPage.tsx, /src/index.css[22m
[2m10:30:55[22m [36m[1m[vite][22m[39m [32mhmr update [39m[2m/src/pages/repairStatus/RepairStatusPage.tsx, /src/index.css[22m
[2m10:49:19[22m [36m[1m[vite][22m[39m [32mhmr update [39m[2m/src/presupuesto/ServicesPage.tsx, /src/index.css, /src/presupuesto/TrackingPage.tsx, /src/presupuesto/BookingPage.tsx, /src/presupuesto/Header.tsx, /src/presupuesto/Footer.tsx, /src/presupuesto/PresupuestoFlow.tsx, /src/presupuesto/LegalPage.tsx[22m
[2m10:52:58[22m [36m[1m[vite][22m[39m [32mhmr update [39m[2m/src/presupuesto/ServicesPage.tsx, /src/index.css, /src/presupuesto/TrackingPage.tsx, /src/presupuesto/BookingPage.tsx, /src/presupuesto/Header.tsx, /src/presupuesto/Footer.tsx, /src/presupuesto/PresupuestoFlow.tsx, /src/presupuesto/LegalPage.tsx[22m
[2m11:01:40[22m [36m[1m[vite][22m[39m [32mhmr update [39m[2m/src/presupuesto/ServicesPage.tsx, /src/index.css, /src/presupuesto/TrackingPage.tsx, /src/presupuesto/BookingPage.tsx, /src/presupuesto/Header.tsx, /src/presupuesto/Footer.tsx, /src/presupuesto/PresupuestoFlow.tsx, /src/presupuesto/LegalPage.tsx[22m
[2m11:01:41[22m [36m[1m[vite][22m[39m [32mhmr update [39m[2m/src/presupuesto/ServicesPage.tsx, /src/index.css, /src/presupuesto/TrackingPage.tsx, /src/presupuesto/BookingPage.tsx, /src/presupuesto/Header.tsx, /src/presupuesto/Footer.tsx, /src/presupuesto/PresupuestoFlow.tsx, /src/presupuesto/LegalPage.tsx[22m
[2m03:10:19[22m [36m[1m[vite][22m[39m [32mhmr update [39m[2m/src/presupuesto/BookingPage.tsx, /src/index.css[22m
[2m03:57:21[22m [36m[1m[vite][22m[39m [32mhmr update [39m[2m/src/presupuesto/PresupuestoLayout.tsx, /src/index.css[22m
[2m03:57:21[22m [36m[1m[vite][22m[39m [32mhmr update [39m[2m/src/presupuesto/PresupuestoLayout.tsx, /src/index.css[22m
[2m03:57:38[22m [36m[1m[vite][22m[39m [32mhmr update [39m[2m/src/presupuesto/Header.tsx, /src/index.css[22m
[2m03:57:39[22m [36m[1m[vite][22m[39m [32mhmr update [39m[2m/src/presupuesto/Header.tsx, /src/index.css[22m
[2m03:57:44[22m [36m[1m[vite][22m[39m [32mhmr update [39m[2m/src/presupuesto/ServicesPage.tsx, /src/index.css[22m
[2m03:57:45[22m [36m[1m[vite][22m[39m [32mhmr update [39m[2m/src/presupuesto/ServicesPage.tsx, /src/index.css[22m
[2m03:57:55[22m [36m[1m[vite][22m[39m [32mhmr update [39m[2m/src/presupuesto/PresupuestoFlow.tsx, /src/index.css[22m
[2m03:58:02[22m [36m[1m[vite][22m[39m [32mhmr update [39m[2m/src/presupuesto/PresupuestoFlow.tsx, /src/index.css[22m
[2m03:58:03[22m [36m[1m[vite][22m[39m [32mhmr update [39m[2m/src/presupuesto/PresupuestoFlow.tsx, /src/index.css[22m
[2m03:58:04[22m [36m[1m[vite][22m[39m [32mhmr update [39m[2m/src/presupuesto/PresupuestoFlow.tsx, /src/index.css[22m
[2m03:58:10[22m [36m[1m[vite][22m[39m [32mhmr update [39m[2m/src/presupuesto/PresupuestoFlow.tsx, /src/index.css[22m
[2m03:58:20[22m [36m[1m[vite][22m[39m [32mhmr update [39m[2m/src/presupuesto/PresupuestoFlow.tsx, /src/index.css[22m
[2m03:58:25[22m [36m[1m[vite][22m[39m [32mhmr update [39m[2m/src/presupuesto/PresupuestoFlow.tsx, /src/index.css[22m
[2m03:58:41[22m [36m[1m[vite][22m[39m [32mhmr update [39m[2m/src/presupuesto/PresupuestoFlow.tsx, /src/index.css[22m
[2m03:58:42[22m [36m[1m[vite][22m[39m [32mhmr update [39m[2m/src/presupuesto/PresupuestoFlow.tsx, /src/index.css[22m
[2m03:58:42[22m [36m[1m[vite][22m[39m [32mhmr update [39m[2m/src/presupuesto/PresupuestoFlow.tsx, /src/index.css[22m
[2m03:58:48[22m [36m[1m[vite][22m[39m [32mhmr update [39m[2m/src/presupuesto/PresupuestoFlow.tsx, /src/index.css[22m
[2m03:58:58[22m [36m[1m[vite][22m[39m [32mhmr update [39m[2m/src/presupuesto/PresupuestoFlow.tsx, /src/index.css[22m
[2m03:58:59[22m [36m[1m[vite][22m[39m [32mhmr update [39m[2m/src/presupuesto/PresupuestoFlow.tsx, /src/index.css[22m
[2m03:59:10[22m [36m[1m[vite][22m[39m [32mhmr update [39m[2m/src/presupuesto/PresupuestoFlow.tsx, /src/index.css[22m
[2m03:59:15[22m [36m[1m[vite][22m[39m [32mhmr update [39m[2m/src/presupuesto/BookingPage.tsx, /src/index.css[22m
[2m03:59:15[22m [36m[1m[vite][22m[39m [32mhmr update [39m[2m/src/presupuesto/BookingPage.tsx, /src/index.css[22m
[2m03:59:24[22m [36m[1m[vite][22m[39m [32mhmr update [39m[2m/src/presupuesto/BookingPage.tsx, /src/index.css[22m
[2m03:59:30[22m [36m[1m[vite][22m[39m [32mhmr update [39m[2m/src/presupuesto/TrackingPage.tsx, /src/index.css[22m
[2m03:59:31[22m [36m[1m[vite][22m[39m [32mhmr update [39m[2m/src/presupuesto/TrackingPage.tsx, /src/index.css[22m
[2m03:59:32[22m [36m[1m[vite][22m[39m [32mhmr update [39m[2m/src/presupuesto/TrackingPage.tsx, /src/index.css[22m
[2m03:59:32[22m [36m[1m[vite][22m[39m [32mhmr update [39m[2m/src/presupuesto/TrackingPage.tsx, /src/index.css[22m
[2m03:59:33[22m [36m[1m[vite][22m[39m [32mhmr update [39m[2m/src/presupuesto/TrackingPage.tsx, /src/index.css[22m
[2m03:59:53[22m [36m[1m[vite][22m[39m [32mhmr update [39m[2m/src/presupuesto/PresupuestoFlow.tsx, /src/index.css[22m
[2m03:59:54[22m [36m[1m[vite][22m[39m [32mhmr update [39m[2m/src/presupuesto/PresupuestoFlow.tsx, /src/index.css[22m
[2m04:06:48[22m [36m[1m[vite][22m[39m [32mhmr update [39m[2m/src/presupuesto/ServicesPage.tsx, /src/index.css, /src/presupuesto/TrackingPage.tsx, /src/presupuesto/BookingPage.tsx, /src/presupuesto/Header.tsx, /src/presupuesto/Footer.tsx, /src/presupuesto/PresupuestoFlow.tsx, /src/presupuesto/LegalPage.tsx[22m
[2m04:06:49[22m [36m[1m[vite][22m[39m [32mhmr update [39m[2m/src/presupuesto/ServicesPage.tsx, /src/index.css, /src/presupuesto/TrackingPage.tsx, /src/presupuesto/BookingPage.tsx, /src/presupuesto/Header.tsx, /src/presupuesto/Footer.tsx, /src/presupuesto/PresupuestoFlow.tsx, /src/presupuesto/LegalPage.tsx[22m
[2m04:07:47[22m [36m[1m[vite][22m[39m [32mhmr update [39m[2m/src/presupuesto/ServicesPage.tsx, /src/index.css, /src/presupuesto/TrackingPage.tsx, /src/presupuesto/BookingPage.tsx, /src/presupuesto/Header.tsx, /src/presupuesto/Footer.tsx, /src/presupuesto/PresupuestoFlow.tsx, /src/presupuesto/LegalPage.tsx[22m
[2m04:11:57[22m [36m[1m[vite][22m[39m [32mhmr update [39m[2m/src/presupuesto/Header.tsx, /src/index.css[22m
[2m04:12:19[22m [36m[1m[vite][22m[39m [32mhmr update [39m[2m/src/presupuesto/Header.tsx, /src/index.css[22m
[2m04:12:57[22m [36m[1m[vite][22m[39m [32mhmr update [39m[2m/src/presupuesto/Header.tsx, /src/index.css[22m
[2m04:13:28[22m [36m[1m[vite][22m[39m [32mhmr update [39m[2m/src/presupuesto/Header.tsx, /src/index.css[22m
[2m04:14:17[22m [36m[1m[vite][22m[39m [32mhmr update [39m[2m/src/presupuesto/ServicesPage.tsx, /src/index.css, /src/presupuesto/TrackingPage.tsx, /src/presupuesto/BookingPage.tsx, /src/presupuesto/Header.tsx, /src/presupuesto/Footer.tsx, /src/presupuesto/PresupuestoFlow.tsx, /src/presupuesto/LegalPage.tsx[22m
[2m04:18:55[22m [36m[1m[vite][22m[39m [32mhmr update [39m[2m/src/presupuesto/PresupuestoFlow.tsx, /src/index.css[22m
[2m04:18:56[22m [31m[1m[vite][22m[39m [31mInternal server error: Duplicate declaration "DEMO_REPAIR_COSTS"
[0m [90m 113 |[31m [90m/* ------------------------- Utilidades del flujo ------------------------- */[31m
 [90m 114 |[31m
[31m[1m>[22m[31m[90m 115 |[31m [36mconst[31m [33mDEMO_REPAIR_COSTS[31m[33m:[31m [33mTenantRepairCost[31m[] [33m=[31m [
 [90m     |[31m       [31m[1m^[22m[31m[31m[1m^[22m[31m[31m[1m^[22m[31m[31m[1m^[22m[31m[31m[1m^[22m[31m[31m[1m^[22m[31m[31m[1m^[22m[31m[31m[1m^[22m[31m[31m[1m^[22m[31m[31m[1m^[22m[31m[31m[1m^[22m[31m[31m[1m^[22m[31m[31m[1m^[22m[31m[31m[1m^[22m[31m[31m[1m^[22m[31m[31m[1m^[22m[31m[31m[1m^[22m[31m[31m[1m^[22m[31m[31m[1m^[22m[31m[31m[1m^[22m[31m[31m[1m^[22m[31m[31m[1m^[22m[31m[31m[1m^[22m[31m[31m[1m^[22m[31m[31m[1m^[22m[31m[31m[1m^[22m[31m[31m[1m^[22m[31m[31m[1m^[22m[31m[31m[1m^[22m[31m[31m[1m^[22m[31m[31m[1m^[22m[31m[31m[1m^[22m[31m[31m[1m^[22m[31m[31m[1m^[22m[31m[31m[1m^[22m[31m[31m[1m^[22m[31m[31m[1m^[22m[31m
 [90m 116 |[31m   {
 [90m 117 |[31m     id[33m:[31m [32m'r1'[31m[33m,[31m
 [90m 118 |[31m     nombre[33m:[31m [32m'Reemplazo de pantalla'[31m[33m,[31m[0m[39m
  Plugin: [35mvite:react-babel[39m
  File: [36mC:/Users/david/Documents/GitHub/overlix-demo/frontend/src/presupuesto/PresupuestoFlow.tsx[39m
      at File.buildCodeFrameError (C:\Users\david\Documents\GitHub\overlix-demo\frontend\node_modules\@babel\core\lib\transformation\file\file.js:189:12)
      at Scope.checkBlockScopedCollisions (C:\Users\david\Documents\GitHub\overlix-demo\frontend\node_modules\@babel\traverse\lib\scope\index.js:433:27)
      at Scope.registerBinding (C:\Users\david\Documents\GitHub\overlix-demo\frontend\node_modules\@babel\traverse\lib\scope\index.js:530:16)
      at Scope.registerDeclaration (C:\Users\david\Documents\GitHub\overlix-demo\frontend\node_modules\@babel\traverse\lib\scope\index.js:482:14)
      at Object.BlockScoped (C:\Users\david\Documents\GitHub\overlix-demo\frontend\node_modules\@babel\traverse\lib\scope\index.js:276:12)
      at Object.newFn (C:\Users\david\Documents\GitHub\overlix-demo\frontend\node_modules\@babel\traverse\lib\visitors.js:203:17)
      at NodePath._call (C:\Users\david\Documents\GitHub\overlix-demo\frontend\node_modules\@babel\traverse\lib\path\context.js:50:20)
      at NodePath.call (C:\Users\david\Documents\GitHub\overlix-demo\frontend\node_modules\@babel\traverse\lib\path\context.js:40:18)
      at NodePath.visit (C:\Users\david\Documents\GitHub\overlix-demo\frontend\node_modules\@babel\traverse\lib\path\context.js:87:31)
      at TraversalContext.visitQueue (C:\Users\david\Documents\GitHub\overlix-demo\frontend\node_modules\@babel\traverse\lib\context.js:96:16)
      at TraversalContext.visitMultiple (C:\Users\david\Documents\GitHub\overlix-demo\frontend\node_modules\@babel\traverse\lib\context.js:68:17)
      at TraversalContext.visit (C:\Users\david\Documents\GitHub\overlix-demo\frontend\node_modules\@babel\traverse\lib\context.js:117:19)
      at traverseNode (C:\Users\david\Documents\GitHub\overlix-demo\frontend\node_modules\@babel\traverse\lib\traverse-node.js:130:17)
      at traverse (C:\Users\david\Documents\GitHub\overlix-demo\frontend\node_modules\@babel\traverse\lib\index.js:53:34)
      at NodePath.traverse (C:\Users\david\Documents\GitHub\overlix-demo\frontend\node_modules\@babel\traverse\lib\path\index.js:120:24)
      at Scope.crawl (C:\Users\david\Documents\GitHub\overlix-demo\frontend\node_modules\@babel\traverse\lib\scope\index.js:695:10)
      at Scope.init (C:\Users\david\Documents\GitHub\overlix-demo\frontend\node_modules\@babel\traverse\lib\scope\index.js:661:12)
      at NodePath.setScope (C:\Users\david\Documents\GitHub\overlix-demo\frontend\node_modules\@babel\traverse\lib\path\context.js:139:55)
      at NodePath.setContext (C:\Users\david\Documents\GitHub\overlix-demo\frontend\node_modules\@babel\traverse\lib\path\context.js:151:12)
      at new File (C:\Users\david\Documents\GitHub\overlix-demo\frontend\node_modules\@babel\core\lib\transformation\file\file.js:80:8)
      at normalizeFile (C:\Users\david\Documents\GitHub\overlix-demo\frontend\node_modules\@babel\core\lib\transformation\normalize-file.js:96:10)
      at normalizeFile.next (<anonymous>)
      at run (C:\Users\david\Documents\GitHub\overlix-demo\frontend\node_modules\@babel\core\lib\transformation\index.js:22:50)
      at run.next (<anonymous>)
      at transform (C:\Users\david\Documents\GitHub\overlix-demo\frontend\node_modules\@babel\core\lib\transform.js:22:33)
      at transform.next (<anonymous>)
      at step (C:\Users\david\Documents\GitHub\overlix-demo\frontend\node_modules\gensync\index.js:261:32)
      at C:\Users\david\Documents\GitHub\overlix-demo\frontend\node_modules\gensync\index.js:273:13
      at async.call.result.err.err (C:\Users\david\Documents\GitHub\overlix-demo\frontend\node_modules\gensync\index.js:223:11)
      at C:\Users\david\Documents\GitHub\overlix-demo\frontend\node_modules\gensync\index.js:189:28
      at C:\Users\david\Documents\GitHub\overlix-demo\frontend\node_modules\@babel\core\lib\gensync-utils\async.js:67:7
      at C:\Users\david\Documents\GitHub\overlix-demo\frontend\node_modules\gensync\index.js:113:33
      at step (C:\Users\david\Documents\GitHub\overlix-demo\frontend\node_modules\gensync\index.js:287:14)
      at C:\Users\david\Documents\GitHub\overlix-demo\frontend\node_modules\gensync\index.js:273:13
      at async.call.result.err.err (C:\Users\david\Documents\GitHub\overlix-demo\frontend\node_modules\gensync\index.js:223:11)
[2m04:19:04[22m [36m[1m[vite][22m[39m [32mhmr update [39m[2m/src/presupuesto/PresupuestoFlow.tsx, /src/index.css[22m
[2m04:20:01[22m [36m[1m[vite][22m[39m [32mhmr update [39m[2m/src/presupuesto/ServicesPage.tsx, /src/index.css, /src/presupuesto/TrackingPage.tsx[22m
[2m04:20:41[22m [36m[1m[vite][22m[39m [32mhmr update [39m[2m/src/app/router.tsx, /src/index.css[22m
[2m04:20:55[22m [36m[1m[vite][22m[39m [32mhmr update [39m[2m/src/app/router.tsx, /src/index.css[22m
[2m04:20:59[22m [36m[1m[vite][22m[39m [32mhmr update [39m[2m/src/presupuesto/PresupuestoTenantRoute.tsx, /src/index.css[22m
[2m04:21:03[22m [36m[1m[vite][22m[39m [32mhmr update [39m[2m/src/presupuesto/PresupuestoTenantRoute.tsx, /src/index.css[22m
[2m04:26:27[22m [36m[1m[vite][22m[39m [32mhmr update [39m[2m/src/index.css, /src/presupuesto/PresupuestoFlow.tsx, /src/presupuesto/ServicesListPage.tsx[22m
[2m04:26:27[22m [36m[1m[vite][22m[39m [32mhmr update [39m[2m/src/index.css, /src/presupuesto/PresupuestoFlow.tsx, /src/presupuesto/ServicesListPage.tsx[22m
[2m04:26:31[22m [36m[1m[vite][22m[39m [32mhmr update [39m[2m/src/presupuesto/PresupuestoFlow.tsx, /src/index.css[22m
[2m04:26:36[22m [36m[1m[vite][22m[39m [32mhmr update [39m[2m/src/presupuesto/ServicesListPage.tsx, /src/index.css[22m
[2m04:28:28[22m [36m[1m[vite][22m[39m [32mhmr update [39m[2m/src/presupuesto/ServicesPage.tsx, /src/index.css[22m
[2m04:28:28[22m [36m[1m[vite][22m[39m [32mhmr update [39m[2m/src/presupuesto/ServicesPage.tsx, /src/index.css[22m
[2m04:30:23[22m [36m[1m[vite][22m[39m [32mhmr update [39m[2m/src/presupuesto/ServicesPage.tsx, /src/index.css[22m
[2m04:30:23[22m [36m[1m[vite][22m[39m [32mhmr update [39m[2m/src/presupuesto/ServicesPage.tsx, /src/index.css[22m
[2m04:30:54[22m [36m[1m[vite][22m[39m [32mhmr update [39m[2m/src/presupuesto/ServicesPage.tsx, /src/index.css[22m
[2m04:58:02[22m [36m[1m[vite][22m[39m [32mpage reload [39m[2msrc/features/repairCosts/types/repairCosts.types.ts[22m
[2m04:58:02[22m [36m[1m[vite][22m[39m [32mpage reload [39m[2msrc/features/repairCosts/types/repairCosts.types.ts[22m
[2m04:58:13[22m [36m[1m[vite][22m[39m [32mhmr update [39m[2m/src/features/repairCosts/pages/RepairCostsPage.tsx, /src/index.css[22m
[2m04:58:17[22m [36m[1m[vite][22m[39m [32mhmr update [39m[2m/src/features/repairCosts/components/CostFormDialog.tsx, /src/index.css[22m
[2m04:58:20[22m [36m[1m[vite][22m[39m [32mhmr update [39m[2m/src/features/repairCosts/components/CostFormDialog.tsx, /src/index.css[22m
[2m04:58:25[22m [36m[1m[vite][22m[39m [32mhmr update [39m[2m/src/features/repairCosts/components/CostFormDialog.tsx, /src/index.css[22m
[2m04:58:28[22m [36m[1m[vite][22m[39m [32mhmr update [39m[2m/src/features/repairCosts/pages/RepairCostsPage.tsx, /src/index.css[22m
[2m04:58:32[22m [36m[1m[vite][22m[39m [32mhmr update [39m[2m/src/features/repairCosts/pages/RepairCostsPage.tsx, /src/index.css[22m
[2m04:58:36[22m [36m[1m[vite][22m[39m [32mhmr update [39m[2m/src/features/repairCosts/pages/RepairCostsPage.tsx, /src/index.css[22m
[2m04:58:38[22m [36m[1m[vite][22m[39m [32mhmr update [39m[2m/src/features/repairCosts/pages/RepairCostsPage.tsx, /src/index.css[22m
[2m04:58:38[22m [31m[1m[vite][22m[39m [31mInternal server error: C:\Users\david\Documents\GitHub\overlix-demo\frontend\src\features\repairCosts\pages\RepairCostsPage.tsx: Expected corresponding JSX closing tag for <div>. (236:6)

[0m [90m 234 |[31m           [33m<[31m[33m/[31m[33mlabel[31m[33m>[31m
 [90m 235 |[31m         [33m<[31m[33m/[31m[33mCardContent[31m[33m>[31m
[31m[1m>[22m[31m[90m 236 |[31m       [33m<[31m[33m/[31m[33mCard[31m[33m>[31m
 [90m     |[31m       [31m[1m^[22m[31m
 [90m 237 |[31m
 [90m 238 |[31m       [33m<[31m[33mCard[31m[33m>[31m
 [90m 239 |[31m         [33m<[31m[33mCardContent[31m className[33m=[31m[32m"p-0"[31m[33m>[31m[0m[39m
  Plugin: [35mvite:react-babel[39m
  File: [36mC:/Users/david/Documents/GitHub/overlix-demo/frontend/src/features/repairCosts/pages/RepairCostsPage.tsx[39m:236:6
[33m  234|            </label>
  235|          </CardContent>
  236|        </Card>
     |        ^
  237|  
  238|        <Card>[39m
      at constructor (C:\Users\david\Documents\GitHub\overlix-demo\frontend\node_modules\@babel\parser\lib\index.js:365:19)
      at TypeScriptParserMixin.raise (C:\Users\david\Documents\GitHub\overlix-demo\frontend\node_modules\@babel\parser\lib\index.js:6616:19)
      at TypeScriptParserMixin.jsxParseElementAt (C:\Users\david\Documents\GitHub\overlix-demo\frontend\node_modules\@babel\parser\lib\index.js:4739:16)
      at TypeScriptParserMixin.jsxParseElement (C:\Users\david\Documents\GitHub\overlix-demo\frontend\node_modules\@babel\parser\lib\index.js:4761:17)
      at TypeScriptParserMixin.parseExprAtom (C:\Users\david\Documents\GitHub\overlix-demo\frontend\node_modules\@babel\parser\lib\index.js:4771:19)
      at TypeScriptParserMixin.parseExprSubscripts (C:\Users\david\Documents\GitHub\overlix-demo\frontend\node_modules\@babel\parser\lib\index.js:11098:23)
      at TypeScriptParserMixin.parseUpdate (C:\Users\david\Documents\GitHub\overlix-demo\frontend\node_modules\@babel\parser\lib\index.js:11083:21)
      at TypeScriptParserMixin.parseMaybeUnary (C:\Users\david\Documents\GitHub\overlix-demo\frontend\node_modules\@babel\parser\lib\index.js:11063:23)
      at TypeScriptParserMixin.parseMaybeUnary (C:\Users\david\Documents\GitHub\overlix-demo\frontend\node_modules\@babel\parser\lib\index.js:9854:18)
      at TypeScriptParserMixin.parseMaybeUnaryOrPrivate (C:\Users\david\Documents\GitHub\overlix-demo\frontend\node_modules\@babel\parser\lib\index.js:10916:61)
      at TypeScriptParserMixin.parseExprOps (C:\Users\david\Documents\GitHub\overlix-demo\frontend\node_modules\@babel\parser\lib\index.js:10921:23)
      at TypeScriptParserMixin.parseMaybeConditional (C:\Users\david\Documents\GitHub\overlix-demo\frontend\node_modules\@babel\parser\lib\index.js:10898:23)
      at TypeScriptParserMixin.parseMaybeAssign (C:\Users\david\Documents\GitHub\overlix-demo\frontend\node_modules\@babel\parser\lib\index.js:10848:21)
      at C:\Users\david\Documents\GitHub\overlix-demo\frontend\node_modules\@babel\parser\lib\index.js:9792:39
      at TypeScriptParserMixin.tryParse (C:\Users\david\Documents\GitHub\overlix-demo\frontend\node_modules\@babel\parser\lib\index.js:6924:20)
      at TypeScriptParserMixin.parseMaybeAssign (C:\Users\david\Documents\GitHub\overlix-demo\frontend\node_modules\@babel\parser\lib\index.js:9792:18)
      at C:\Users\david\Documents\GitHub\overlix-demo\frontend\node_modules\@babel\parser\lib\index.js:10817:39
      at TypeScriptParserMixin.allowInAnd (C:\Users\david\Documents\GitHub\overlix-demo\frontend\node_modules\@babel\parser\lib\index.js:12443:12)
      at TypeScriptParserMixin.parseMaybeAssignAllowIn (C:\Users\david\Documents\GitHub\overlix-demo\frontend\node_modules\@babel\parser\lib\index.js:10817:17)
      at TypeScriptParserMixin.parseMaybeAssignAllowInOrVoidPattern (C:\Users\david\Documents\GitHub\overlix-demo\frontend\node_modules\@babel\parser\lib\index.js:12510:17)
      at TypeScriptParserMixin.parseParenAndDistinguishExpression (C:\Users\david\Documents\GitHub\overlix-demo\frontend\node_modules\@babel\parser\lib\index.js:11692:28)
      at TypeScriptParserMixin.parseExprAtom (C:\Users\david\Documents\GitHub\overlix-demo\frontend\node_modules\@babel\parser\lib\index.js:11348:23)
      at TypeScriptParserMixin.parseExprAtom (C:\Users\david\Documents\GitHub\overlix-demo\frontend\node_modules\@babel\parser\lib\index.js:4776:20)
      at TypeScriptParserMixin.parseExprSubscripts (C:\Users\david\Documents\GitHub\overlix-demo\frontend\node_modules\@babel\parser\lib\index.js:11098:23)
      at TypeScriptParserMixin.parseUpdate (C:\Users\david\Documents\GitHub\overlix-demo\frontend\node_modules\@babel\parser\lib\index.js:11083:21)
      at TypeScriptParserMixin.parseMaybeUnary (C:\Users\david\Documents\GitHub\overlix-demo\frontend\node_modules\@babel\parser\lib\index.js:11063:23)
      at TypeScriptParserMixin.parseMaybeUnary (C:\Users\david\Documents\GitHub\overlix-demo\frontend\node_modules\@babel\parser\lib\index.js:9854:18)
      at TypeScriptParserMixin.parseMaybeUnaryOrPrivate (C:\Users\david\Documents\GitHub\overlix-demo\frontend\node_modules\@babel\parser\lib\index.js:10916:61)
      at TypeScriptParserMixin.parseExprOps (C:\Users\david\Documents\GitHub\overlix-demo\frontend\node_modules\@babel\parser\lib\index.js:10921:23)
      at TypeScriptParserMixin.parseMaybeConditional (C:\Users\david\Documents\GitHub\overlix-demo\frontend\node_modules\@babel\parser\lib\index.js:10898:23)
      at TypeScriptParserMixin.parseMaybeAssign (C:\Users\david\Documents\GitHub\overlix-demo\frontend\node_modules\@babel\parser\lib\index.js:10848:21)
      at TypeScriptParserMixin.parseMaybeAssign (C:\Users\david\Documents\GitHub\overlix-demo\frontend\node_modules\@babel\parser\lib\index.js:9803:20)
      at TypeScriptParserMixin.parseExpressionBase (C:\Users\david\Documents\GitHub\overlix-demo\frontend\node_modules\@babel\parser\lib\index.js:10801:23)
      at C:\Users\david\Documents\GitHub\overlix-demo\frontend\node_modules\@babel\parser\lib\index.js:10797:39
      at TypeScriptParserMixin.allowInAnd (C:\Users\david\Documents\GitHub\overlix-demo\frontend\node_modules\@babel\parser\lib\index.js:12438:16)
      at TypeScriptParserMixin.parseExpression (C:\Users\david\Documents\GitHub\overlix-demo\frontend\node_modules\@babel\parser\lib\index.js:10797:17)
      at TypeScriptParserMixin.parseReturnStatement (C:\Users\david\Documents\GitHub\overlix-demo\frontend\node_modules\@babel\parser\lib\index.js:13159:28)
      at TypeScriptParserMixin.parseStatementContent (C:\Users\david\Documents\GitHub\overlix-demo\frontend\node_modules\@babel\parser\lib\index.js:12815:21)
      at TypeScriptParserMixin.parseStatementContent (C:\Users\david\Documents\GitHub\overlix-demo\frontend\node_modules\@babel\parser\lib\index.js:9525:18)
      at TypeScriptParserMixin.parseStatementLike (C:\Users\david\Documents\GitHub\overlix-demo\frontend\node_modules\@babel\parser\lib\index.js:12784:17)
      at TypeScriptParserMixin.parseStatementListItem (C:\Users\david\Documents\GitHub\overlix-demo\frontend\node_modules\@babel\parser\lib\index.js:12764:17)
      at TypeScriptParserMixin.parseBlockOrModuleBlockBody (C:\Users\david\Documents\GitHub\overlix-demo\frontend\node_modules\@babel\parser\lib\index.js:13333:61)
      at TypeScriptParserMixin.parseBlockBody (C:\Users\david\Documents\GitHub\overlix-demo\frontend\node_modules\@babel\parser\lib\index.js:13326:10)
      at TypeScriptParserMixin.parseBlock (C:\Users\david\Documents\GitHub\overlix-demo\frontend\node_modules\@babel\parser\lib\index.js:13314:10)
      at TypeScriptParserMixin.parseFunctionBody (C:\Users\david\Documents\GitHub\overlix-demo\frontend\node_modules\@babel\parser\lib\index.js:12117:24)
      at TypeScriptParserMixin.parseFunctionBodyAndFinish (C:\Users\david\Documents\GitHub\overlix-demo\frontend\node_modules\@babel\parser\lib\index.js:12103:10)
      at TypeScriptParserMixin.parseFunctionBodyAndFinish (C:\Users\david\Documents\GitHub\overlix-demo\frontend\node_modules\@babel\parser\lib\index.js:9189:18)
      at C:\Users\david\Documents\GitHub\overlix-demo\frontend\node_modules\@babel\parser\lib\index.js:13462:12
      at TypeScriptParserMixin.withSmartMixTopicForbiddingContext (C:\Users\david\Documents\GitHub\overlix-demo\frontend\node_modules\@babel\parser\lib\index.js:12420:14)
      at TypeScriptParserMixin.parseFunction (C:\Users\david\Documents\GitHub\overlix-demo\frontend\node_modules\@babel\parser\lib\index.js:13461:10)
[2m04:58:42[22m [36m[1m[vite][22m[39m [32mhmr update [39m[2m/src/features/repairCosts/pages/RepairCostsPage.tsx, /src/index.css[22m
[2m04:58:45[22m [36m[1m[vite][22m[39m [32mhmr update [39m[2m/src/features/repairCosts/pages/RepairCostsPage.tsx, /src/index.css[22m
[2m04:58:52[22m [36m[1m[vite][22m[39m [32mhmr update [39m[2m/src/features/repairCosts/pages/RepairCostsPage.tsx, /src/index.css[22m
[2m04:58:56[22m [36m[1m[vite][22m[39m [32mhmr update [39m[2m/src/features/repairCosts/pages/RepairCostsPage.tsx, /src/index.css[22m
[2m04:59:19[22m [36m[1m[vite][22m[39m [32mhmr update [39m[2m/src/index.css, /src/presupuesto/PresupuestoFlow.tsx, /src/presupuesto/ServicesListPage.tsx[22m
[2m04:59:22[22m [36m[1m[vite][22m[39m [32mhmr update [39m[2m/src/index.css, /src/presupuesto/PresupuestoFlow.tsx, /src/presupuesto/ServicesListPage.tsx[22m
[2m04:59:36[22m [36m[1m[vite][22m[39m [32mhmr update [39m[2m/src/presupuesto/ServicesPage.tsx, /src/index.css, /src/presupuesto/TrackingPage.tsx, /src/presupuesto/ServicesListPage.tsx[22m
[2m04:59:55[22m [36m[1m[vite][22m[39m [32mhmr update [39m[2m/src/presupuesto/ServicesListPage.tsx, /src/index.css[22m
[2m05:00:00[22m [36m[1m[vite][22m[39m [32mhmr update [39m[2m/src/presupuesto/BookingPage.tsx, /src/index.css, /src/presupuesto/PresupuestoFlow.tsx, /src/presupuesto/ServicesListPage.tsx[22m
[2m05:00:04[22m [36m[1m[vite][22m[39m [32mhmr update [39m[2m/src/presupuesto/PresupuestoFlow.tsx, /src/index.css[22m
[2m05:01:40[22m [36m[1m[vite][22m[39m [32mhmr update [39m[2m/src/presupuesto/ServicesListPage.tsx, /src/index.css[22m
[2m01:28:08[22m [36m[1m[vite][22m[39m [32mhmr update [39m[2m/src/shared/components/layouts/AdminSidebar.tsx, /src/index.css[22m
[2m01:28:16[22m [36m[1m[vite][22m[39m [32mhmr update [39m[2m/src/shared/components/layouts/AdminSidebar.tsx, /src/index.css[22m
[2m01:28:21[22m [36m[1m[vite][22m[39m [32mhmr update [39m[2m/src/shared/components/layouts/AdminSidebar.tsx, /src/index.css[22m
[2m01:28:22[22m [31m[1m[vite][22m[39m [31mInternal server error: C:\Users\david\Documents\GitHub\overlix-demo\frontend\src\shared\components\layouts\AdminSidebar.tsx: Expected corresponding JSX closing tag for <aside>. (52:6)

[0m [90m 50 |[31m           [33m<[31m[33mSidebarFooter[31m collapsed[33m=[31m{collapsed} onLogout[33m=[31m{logout} [33m/[31m[33m>[31m
 [90m 51 |[31m         [33m<[31m[33m/[31m[33mdiv[31m[33m>[31m
[31m[1m>[22m[31m[90m 52 |[31m       [33m<[31m[33m/[31m[33mmotion[31m[33m.[31maside[33m>[31m
 [90m    |[31m       [31m[1m^[22m[31m
 [90m 53 |[31m     [33m<[31m[33m/[31m[33m>[31m
 [90m 54 |[31m   )[33m;[31m
 [90m 55 |[31m }[33m;[31m[0m[39m
  Plugin: [35mvite:react-babel[39m
  File: [36mC:/Users/david/Documents/GitHub/overlix-demo/frontend/src/shared/components/layouts/AdminSidebar.tsx[39m:52:6
[33m  50 |            <SidebarFooter collapsed={collapsed} onLogout={logout} />
  51 |          </div>
  52 |        </motion.aside>
     |        ^
  53 |      </>
  54 |    );[39m
      at constructor (C:\Users\david\Documents\GitHub\overlix-demo\frontend\node_modules\@babel\parser\lib\index.js:365:19)
      at TypeScriptParserMixin.raise (C:\Users\david\Documents\GitHub\overlix-demo\frontend\node_modules\@babel\parser\lib\index.js:6616:19)
      at TypeScriptParserMixin.jsxParseElementAt (C:\Users\david\Documents\GitHub\overlix-demo\frontend\node_modules\@babel\parser\lib\index.js:4739:16)
      at TypeScriptParserMixin.jsxParseElementAt (C:\Users\david\Documents\GitHub\overlix-demo\frontend\node_modules\@babel\parser\lib\index.js:4710:32)
      at TypeScriptParserMixin.jsxParseElement (C:\Users\david\Documents\GitHub\overlix-demo\frontend\node_modules\@babel\parser\lib\index.js:4761:17)
      at TypeScriptParserMixin.parseExprAtom (C:\Users\david\Documents\GitHub\overlix-demo\frontend\node_modules\@babel\parser\lib\index.js:4771:19)
      at TypeScriptParserMixin.parseExprSubscripts (C:\Users\david\Documents\GitHub\overlix-demo\frontend\node_modules\@babel\parser\lib\index.js:11098:23)
      at TypeScriptParserMixin.parseUpdate (C:\Users\david\Documents\GitHub\overlix-demo\frontend\node_modules\@babel\parser\lib\index.js:11083:21)
      at TypeScriptParserMixin.parseMaybeUnary (C:\Users\david\Documents\GitHub\overlix-demo\frontend\node_modules\@babel\parser\lib\index.js:11063:23)
      at TypeScriptParserMixin.parseMaybeUnary (C:\Users\david\Documents\GitHub\overlix-demo\frontend\node_modules\@babel\parser\lib\index.js:9854:18)
      at TypeScriptParserMixin.parseMaybeUnaryOrPrivate (C:\Users\david\Documents\GitHub\overlix-demo\frontend\node_modules\@babel\parser\lib\index.js:10916:61)
      at TypeScriptParserMixin.parseExprOps (C:\Users\david\Documents\GitHub\overlix-demo\frontend\node_modules\@babel\parser\lib\index.js:10921:23)
      at TypeScriptParserMixin.parseMaybeConditional (C:\Users\david\Documents\GitHub\overlix-demo\frontend\node_modules\@babel\parser\lib\index.js:10898:23)
      at TypeScriptParserMixin.parseMaybeAssign (C:\Users\david\Documents\GitHub\overlix-demo\frontend\node_modules\@babel\parser\lib\index.js:10848:21)
      at C:\Users\david\Documents\GitHub\overlix-demo\frontend\node_modules\@babel\parser\lib\index.js:9792:39
      at TypeScriptParserMixin.tryParse (C:\Users\david\Documents\GitHub\overlix-demo\frontend\node_modules\@babel\parser\lib\index.js:6924:20)
      at TypeScriptParserMixin.parseMaybeAssign (C:\Users\david\Documents\GitHub\overlix-demo\frontend\node_modules\@babel\parser\lib\index.js:9792:18)
      at C:\Users\david\Documents\GitHub\overlix-demo\frontend\node_modules\@babel\parser\lib\index.js:10817:39
      at TypeScriptParserMixin.allowInAnd (C:\Users\david\Documents\GitHub\overlix-demo\frontend\node_modules\@babel\parser\lib\index.js:12443:12)
      at TypeScriptParserMixin.parseMaybeAssignAllowIn (C:\Users\david\Documents\GitHub\overlix-demo\frontend\node_modules\@babel\parser\lib\index.js:10817:17)
      at TypeScriptParserMixin.parseMaybeAssignAllowInOrVoidPattern (C:\Users\david\Documents\GitHub\overlix-demo\frontend\node_modules\@babel\parser\lib\index.js:12510:17)
      at TypeScriptParserMixin.parseParenAndDistinguishExpression (C:\Users\david\Documents\GitHub\overlix-demo\frontend\node_modules\@babel\parser\lib\index.js:11692:28)
      at TypeScriptParserMixin.parseExprAtom (C:\Users\david\Documents\GitHub\overlix-demo\frontend\node_modules\@babel\parser\lib\index.js:11348:23)
      at TypeScriptParserMixin.parseExprAtom (C:\Users\david\Documents\GitHub\overlix-demo\frontend\node_modules\@babel\parser\lib\index.js:4776:20)
      at TypeScriptParserMixin.parseExprSubscripts (C:\Users\david\Documents\GitHub\overlix-demo\frontend\node_modules\@babel\parser\lib\index.js:11098:23)
      at TypeScriptParserMixin.parseUpdate (C:\Users\david\Documents\GitHub\overlix-demo\frontend\node_modules\@babel\parser\lib\index.js:11083:21)
      at TypeScriptParserMixin.parseMaybeUnary (C:\Users\david\Documents\GitHub\overlix-demo\frontend\node_modules\@babel\parser\lib\index.js:11063:23)
      at TypeScriptParserMixin.parseMaybeUnary (C:\Users\david\Documents\GitHub\overlix-demo\frontend\node_modules\@babel\parser\lib\index.js:9854:18)
      at TypeScriptParserMixin.parseMaybeUnaryOrPrivate (C:\Users\david\Documents\GitHub\overlix-demo\frontend\node_modules\@babel\parser\lib\index.js:10916:61)
      at TypeScriptParserMixin.parseExprOps (C:\Users\david\Documents\GitHub\overlix-demo\frontend\node_modules\@babel\parser\lib\index.js:10921:23)
      at TypeScriptParserMixin.parseMaybeConditional (C:\Users\david\Documents\GitHub\overlix-demo\frontend\node_modules\@babel\parser\lib\index.js:10898:23)
      at TypeScriptParserMixin.parseMaybeAssign (C:\Users\david\Documents\GitHub\overlix-demo\frontend\node_modules\@babel\parser\lib\index.js:10848:21)
      at TypeScriptParserMixin.parseMaybeAssign (C:\Users\david\Documents\GitHub\overlix-demo\frontend\node_modules\@babel\parser\lib\index.js:9803:20)
      at TypeScriptParserMixin.parseExpressionBase (C:\Users\david\Documents\GitHub\overlix-demo\frontend\node_modules\@babel\parser\lib\index.js:10801:23)
      at C:\Users\david\Documents\GitHub\overlix-demo\frontend\node_modules\@babel\parser\lib\index.js:10797:39
      at TypeScriptParserMixin.allowInAnd (C:\Users\david\Documents\GitHub\overlix-demo\frontend\node_modules\@babel\parser\lib\index.js:12438:16)
      at TypeScriptParserMixin.parseExpression (C:\Users\david\Documents\GitHub\overlix-demo\frontend\node_modules\@babel\parser\lib\index.js:10797:17)
      at TypeScriptParserMixin.parseReturnStatement (C:\Users\david\Documents\GitHub\overlix-demo\frontend\node_modules\@babel\parser\lib\index.js:13159:28)
      at TypeScriptParserMixin.parseStatementContent (C:\Users\david\Documents\GitHub\overlix-demo\frontend\node_modules\@babel\parser\lib\index.js:12815:21)
      at TypeScriptParserMixin.parseStatementContent (C:\Users\david\Documents\GitHub\overlix-demo\frontend\node_modules\@babel\parser\lib\index.js:9525:18)
      at TypeScriptParserMixin.parseStatementLike (C:\Users\david\Documents\GitHub\overlix-demo\frontend\node_modules\@babel\parser\lib\index.js:12784:17)
      at TypeScriptParserMixin.parseStatementListItem (C:\Users\david\Documents\GitHub\overlix-demo\frontend\node_modules\@babel\parser\lib\index.js:12764:17)
      at TypeScriptParserMixin.parseBlockOrModuleBlockBody (C:\Users\david\Documents\GitHub\overlix-demo\frontend\node_modules\@babel\parser\lib\index.js:13333:61)
      at TypeScriptParserMixin.parseBlockBody (C:\Users\david\Documents\GitHub\overlix-demo\frontend\node_modules\@babel\parser\lib\index.js:13326:10)
      at TypeScriptParserMixin.parseBlock (C:\Users\david\Documents\GitHub\overlix-demo\frontend\node_modules\@babel\parser\lib\index.js:13314:10)
      at TypeScriptParserMixin.parseFunctionBody (C:\Users\david\Documents\GitHub\overlix-demo\frontend\node_modules\@babel\parser\lib\index.js:12117:24)
      at TypeScriptParserMixin.parseArrowExpression (C:\Users\david\Documents\GitHub\overlix-demo\frontend\node_modules\@babel\parser\lib\index.js:12092:10)
      at TypeScriptParserMixin.parseParenAndDistinguishExpression (C:\Users\david\Documents\GitHub\overlix-demo\frontend\node_modules\@babel\parser\lib\index.js:11704:12)
      at TypeScriptParserMixin.parseExprAtom (C:\Users\david\Documents\GitHub\overlix-demo\frontend\node_modules\@babel\parser\lib\index.js:11348:23)
      at TypeScriptParserMixin.parseExprAtom (C:\Users\david\Documents\GitHub\overlix-demo\frontend\node_modules\@babel\parser\lib\index.js:4776:20)
[2m01:28:22[22m [31m[1m[vite][22m[39m [31mInternal server error: C:\Users\david\Documents\GitHub\overlix-demo\frontend\src\shared\components\layouts\AdminSidebar.tsx: Expected corresponding JSX closing tag for <aside>. (52:6)

[0m [90m 50 |[31m           [33m<[31m[33mSidebarFooter[31m collapsed[33m=[31m{collapsed} onLogout[33m=[31m{logout} [33m/[31m[33m>[31m
 [90m 51 |[31m         [33m<[31m[33m/[31m[33mdiv[31m[33m>[31m
[31m[1m>[22m[31m[90m 52 |[31m       [33m<[31m[33m/[31m[33mmotion[31m[33m.[31maside[33m>[31m
 [90m    |[31m       [31m[1m^[22m[31m
 [90m 53 |[31m     [33m<[31m[33m/[31m[33m>[31m
 [90m 54 |[31m   )[33m;[31m
 [90m 55 |[31m }[33m;[31m[0m[39m
  Plugin: [35mvite:react-babel[39m
  File: [36mC:/Users/david/Documents/GitHub/overlix-demo/frontend/src/shared/components/layouts/AdminSidebar.tsx[39m:52:6
[33m  50 |            <SidebarFooter collapsed={collapsed} onLogout={logout} />
  51 |          </div>
  52 |        </motion.aside>
     |        ^
  53 |      </>
  54 |    );[39m
      at constructor (C:\Users\david\Documents\GitHub\overlix-demo\frontend\node_modules\@babel\parser\lib\index.js:365:19)
      at TypeScriptParserMixin.raise (C:\Users\david\Documents\GitHub\overlix-demo\frontend\node_modules\@babel\parser\lib\index.js:6616:19)
      at TypeScriptParserMixin.jsxParseElementAt (C:\Users\david\Documents\GitHub\overlix-demo\frontend\node_modules\@babel\parser\lib\index.js:4739:16)
      at TypeScriptParserMixin.jsxParseElementAt (C:\Users\david\Documents\GitHub\overlix-demo\frontend\node_modules\@babel\parser\lib\index.js:4710:32)
      at TypeScriptParserMixin.jsxParseElement (C:\Users\david\Documents\GitHub\overlix-demo\frontend\node_modules\@babel\parser\lib\index.js:4761:17)
      at TypeScriptParserMixin.parseExprAtom (C:\Users\david\Documents\GitHub\overlix-demo\frontend\node_modules\@babel\parser\lib\index.js:4771:19)
      at TypeScriptParserMixin.parseExprSubscripts (C:\Users\david\Documents\GitHub\overlix-demo\frontend\node_modules\@babel\parser\lib\index.js:11098:23)
      at TypeScriptParserMixin.parseUpdate (C:\Users\david\Documents\GitHub\overlix-demo\frontend\node_modules\@babel\parser\lib\index.js:11083:21)
      at TypeScriptParserMixin.parseMaybeUnary (C:\Users\david\Documents\GitHub\overlix-demo\frontend\node_modules\@babel\parser\lib\index.js:11063:23)
      at TypeScriptParserMixin.parseMaybeUnary (C:\Users\david\Documents\GitHub\overlix-demo\frontend\node_modules\@babel\parser\lib\index.js:9854:18)
      at TypeScriptParserMixin.parseMaybeUnaryOrPrivate (C:\Users\david\Documents\GitHub\overlix-demo\frontend\node_modules\@babel\parser\lib\index.js:10916:61)
      at TypeScriptParserMixin.parseExprOps (C:\Users\david\Documents\GitHub\overlix-demo\frontend\node_modules\@babel\parser\lib\index.js:10921:23)
      at TypeScriptParserMixin.parseMaybeConditional (C:\Users\david\Documents\GitHub\overlix-demo\frontend\node_modules\@babel\parser\lib\index.js:10898:23)
      at TypeScriptParserMixin.parseMaybeAssign (C:\Users\david\Documents\GitHub\overlix-demo\frontend\node_modules\@babel\parser\lib\index.js:10848:21)
      at C:\Users\david\Documents\GitHub\overlix-demo\frontend\node_modules\@babel\parser\lib\index.js:9792:39
      at TypeScriptParserMixin.tryParse (C:\Users\david\Documents\GitHub\overlix-demo\frontend\node_modules\@babel\parser\lib\index.js:6924:20)
      at TypeScriptParserMixin.parseMaybeAssign (C:\Users\david\Documents\GitHub\overlix-demo\frontend\node_modules\@babel\parser\lib\index.js:9792:18)
      at C:\Users\david\Documents\GitHub\overlix-demo\frontend\node_modules\@babel\parser\lib\index.js:10817:39
      at TypeScriptParserMixin.allowInAnd (C:\Users\david\Documents\GitHub\overlix-demo\frontend\node_modules\@babel\parser\lib\index.js:12443:12)
      at TypeScriptParserMixin.parseMaybeAssignAllowIn (C:\Users\david\Documents\GitHub\overlix-demo\frontend\node_modules\@babel\parser\lib\index.js:10817:17)
      at TypeScriptParserMixin.parseMaybeAssignAllowInOrVoidPattern (C:\Users\david\Documents\GitHub\overlix-demo\frontend\node_modules\@babel\parser\lib\index.js:12510:17)
      at TypeScriptParserMixin.parseParenAndDistinguishExpression (C:\Users\david\Documents\GitHub\overlix-demo\frontend\node_modules\@babel\parser\lib\index.js:11692:28)
      at TypeScriptParserMixin.parseExprAtom (C:\Users\david\Documents\GitHub\overlix-demo\frontend\node_modules\@babel\parser\lib\index.js:11348:23)
      at TypeScriptParserMixin.parseExprAtom (C:\Users\david\Documents\GitHub\overlix-demo\frontend\node_modules\@babel\parser\lib\index.js:4776:20)
      at TypeScriptParserMixin.parseExprSubscripts (C:\Users\david\Documents\GitHub\overlix-demo\frontend\node_modules\@babel\parser\lib\index.js:11098:23)
      at TypeScriptParserMixin.parseUpdate (C:\Users\david\Documents\GitHub\overlix-demo\frontend\node_modules\@babel\parser\lib\index.js:11083:21)
      at TypeScriptParserMixin.parseMaybeUnary (C:\Users\david\Documents\GitHub\overlix-demo\frontend\node_modules\@babel\parser\lib\index.js:11063:23)
      at TypeScriptParserMixin.parseMaybeUnary (C:\Users\david\Documents\GitHub\overlix-demo\frontend\node_modules\@babel\parser\lib\index.js:9854:18)
      at TypeScriptParserMixin.parseMaybeUnaryOrPrivate (C:\Users\david\Documents\GitHub\overlix-demo\frontend\node_modules\@babel\parser\lib\index.js:10916:61)
      at TypeScriptParserMixin.parseExprOps (C:\Users\david\Documents\GitHub\overlix-demo\frontend\node_modules\@babel\parser\lib\index.js:10921:23)
      at TypeScriptParserMixin.parseMaybeConditional (C:\Users\david\Documents\GitHub\overlix-demo\frontend\node_modules\@babel\parser\lib\index.js:10898:23)
      at TypeScriptParserMixin.parseMaybeAssign (C:\Users\david\Documents\GitHub\overlix-demo\frontend\node_modules\@babel\parser\lib\index.js:10848:21)
      at TypeScriptParserMixin.parseMaybeAssign (C:\Users\david\Documents\GitHub\overlix-demo\frontend\node_modules\@babel\parser\lib\index.js:9803:20)
      at TypeScriptParserMixin.parseExpressionBase (C:\Users\david\Documents\GitHub\overlix-demo\frontend\node_modules\@babel\parser\lib\index.js:10801:23)
      at C:\Users\david\Documents\GitHub\overlix-demo\frontend\node_modules\@babel\parser\lib\index.js:10797:39
      at TypeScriptParserMixin.allowInAnd (C:\Users\david\Documents\GitHub\overlix-demo\frontend\node_modules\@babel\parser\lib\index.js:12438:16)
      at TypeScriptParserMixin.parseExpression (C:\Users\david\Documents\GitHub\overlix-demo\frontend\node_modules\@babel\parser\lib\index.js:10797:17)
      at TypeScriptParserMixin.parseReturnStatement (C:\Users\david\Documents\GitHub\overlix-demo\frontend\node_modules\@babel\parser\lib\index.js:13159:28)
      at TypeScriptParserMixin.parseStatementContent (C:\Users\david\Documents\GitHub\overlix-demo\frontend\node_modules\@babel\parser\lib\index.js:12815:21)
      at TypeScriptParserMixin.parseStatementContent (C:\Users\david\Documents\GitHub\overlix-demo\frontend\node_modules\@babel\parser\lib\index.js:9525:18)
      at TypeScriptParserMixin.parseStatementLike (C:\Users\david\Documents\GitHub\overlix-demo\frontend\node_modules\@babel\parser\lib\index.js:12784:17)
      at TypeScriptParserMixin.parseStatementListItem (C:\Users\david\Documents\GitHub\overlix-demo\frontend\node_modules\@babel\parser\lib\index.js:12764:17)
      at TypeScriptParserMixin.parseBlockOrModuleBlockBody (C:\Users\david\Documents\GitHub\overlix-demo\frontend\node_modules\@babel\parser\lib\index.js:13333:61)
      at TypeScriptParserMixin.parseBlockBody (C:\Users\david\Documents\GitHub\overlix-demo\frontend\node_modules\@babel\parser\lib\index.js:13326:10)
      at TypeScriptParserMixin.parseBlock (C:\Users\david\Documents\GitHub\overlix-demo\frontend\node_modules\@babel\parser\lib\index.js:13314:10)
      at TypeScriptParserMixin.parseFunctionBody (C:\Users\david\Documents\GitHub\overlix-demo\frontend\node_modules\@babel\parser\lib\index.js:12117:24)
      at TypeScriptParserMixin.parseArrowExpression (C:\Users\david\Documents\GitHub\overlix-demo\frontend\node_modules\@babel\parser\lib\index.js:12092:10)
      at TypeScriptParserMixin.parseParenAndDistinguishExpression (C:\Users\david\Documents\GitHub\overlix-demo\frontend\node_modules\@babel\parser\lib\index.js:11704:12)
      at TypeScriptParserMixin.parseExprAtom (C:\Users\david\Documents\GitHub\overlix-demo\frontend\node_modules\@babel\parser\lib\index.js:11348:23)
      at TypeScriptParserMixin.parseExprAtom (C:\Users\david\Documents\GitHub\overlix-demo\frontend\node_modules\@babel\parser\lib\index.js:4776:20)
[2m01:28:26[22m [36m[1m[vite][22m[39m [32mhmr update [39m[2m/src/shared/components/layouts/AdminSidebar.tsx, /src/index.css[22m
[2m01:08:26[22m [36m[1m[vite][22m[39m [32mhmr update [39m[2m/src/presupuesto/ServicesPage.tsx, /src/index.css, /src/presupuesto/TrackingPage.tsx, /src/presupuesto/BookingPage.tsx, /src/presupuesto/Header.tsx, /src/presupuesto/Footer.tsx, /src/presupuesto/PresupuestoFlow.tsx, /src/presupuesto/LegalPage.tsx, /src/presupuesto/ServicesListPage.tsx[22m
[2m01:08:26[22m [36m[1m[vite][22m[39m [32mhmr update [39m[2m/src/presupuesto/ServicesPage.tsx, /src/index.css, /src/presupuesto/TrackingPage.tsx, /src/presupuesto/BookingPage.tsx, /src/presupuesto/Header.tsx, /src/presupuesto/Footer.tsx, /src/presupuesto/PresupuestoFlow.tsx, /src/presupuesto/LegalPage.tsx, /src/presupuesto/ServicesListPage.tsx[22m
[2m01:08:27[22m [36m[1m[vite][22m[39m [32mpage reload [39m[2msrc/features/settings/types/tenantPage/tenantPage.types.ts[22m
[2m01:08:45[22m [36m[1m[vite][22m[39m [32mhmr update [39m[2m/src/features/settings/components/TenantPageSection.tsx, /src/index.css[22m
[2m01:09:24[22m [36m[1m[vite][22m[39m [32mhmr update [39m[2m/src/presupuesto/Footer.tsx, /src/index.css[22m
[2m01:09:33[22m [36m[1m[vite][22m[39m [32mhmr update [39m[2m/src/presupuesto/LegalPage.tsx, /src/index.css[22m
[2m01:09:40[22m [36m[1m[vite][22m[39m [32mhmr update [39m[2m/src/presupuesto/PresupuestoFlow.tsx, /src/index.css[22m
[2m01:09:40[22m [31m[1m[vite][22m[39m [31mInternal server error: Duplicate declaration "buildBusinessSlots"
[0m [90m 78 |[31m ]
 [90m 79 |[31m
[31m[1m>[22m[31m[90m 80 |[31m [36mfunction[31m buildBusinessSlots()[33m:[31m string[] {
 [90m    |[31m          [31m[1m^[22m[31m[31m[1m^[22m[31m[31m[1m^[22m[31m[31m[1m^[22m[31m[31m[1m^[22m[31m[31m[1m^[22m[31m[31m[1m^[22m[31m[31m[1m^[22m[31m[31m[1m^[22m[31m[31m[1m^[22m[31m[31m[1m^[22m[31m[31m[1m^[22m[31m[31m[1m^[22m[31m[31m[1m^[22m[31m[31m[1m^[22m[31m[31m[1m^[22m[31m[31m[1m^[22m[31m[31m[1m^[22m[31m
 [90m 81 |[31m   [36mconst[31m slots[33m:[31m string[] [33m=[31m []
 [90m 82 |[31m   [36mfor[31m ([36mlet[31m h [33m=[31m [33mOPEN_HOUR[31m[33m;[31m h [33m<[31m [33mCLOSE_HOUR[31m[33m;[31m h[33m++[31m) {
 [90m 83 |[31m     [36mfor[31m ([36mlet[31m m [33m=[31m [35m0[31m[33m;[31m m [33m<[31m [35m60[31m[33m;[31m m [33m+=[31m [33mSLOT_INTERVAL_MIN[31m) {[0m[39m
  Plugin: [35mvite:react-babel[39m
  File: [36mC:/Users/david/Documents/GitHub/overlix-demo/frontend/src/presupuesto/PresupuestoFlow.tsx[39m
      at File.buildCodeFrameError (C:\Users\david\Documents\GitHub\overlix-demo\frontend\node_modules\@babel\core\lib\transformation\file\file.js:189:12)
      at Scope.checkBlockScopedCollisions (C:\Users\david\Documents\GitHub\overlix-demo\frontend\node_modules\@babel\traverse\lib\scope\index.js:433:27)
      at Scope.registerBinding (C:\Users\david\Documents\GitHub\overlix-demo\frontend\node_modules\@babel\traverse\lib\scope\index.js:530:16)
      at Scope.registerDeclaration (C:\Users\david\Documents\GitHub\overlix-demo\frontend\node_modules\@babel\traverse\lib\scope\index.js:475:12)
      at Object.BlockScoped (C:\Users\david\Documents\GitHub\overlix-demo\frontend\node_modules\@babel\traverse\lib\scope\index.js:276:12)
      at Object.newFn (C:\Users\david\Documents\GitHub\overlix-demo\frontend\node_modules\@babel\traverse\lib\visitors.js:203:17)
      at NodePath._call (C:\Users\david\Documents\GitHub\overlix-demo\frontend\node_modules\@babel\traverse\lib\path\context.js:50:20)
      at NodePath.call (C:\Users\david\Documents\GitHub\overlix-demo\frontend\node_modules\@babel\traverse\lib\path\context.js:40:18)
      at NodePath.visit (C:\Users\david\Documents\GitHub\overlix-demo\frontend\node_modules\@babel\traverse\lib\path\context.js:87:31)
      at TraversalContext.visitQueue (C:\Users\david\Documents\GitHub\overlix-demo\frontend\node_modules\@babel\traverse\lib\context.js:96:16)
      at TraversalContext.visitMultiple (C:\Users\david\Documents\GitHub\overlix-demo\frontend\node_modules\@babel\traverse\lib\context.js:68:17)
      at TraversalContext.visit (C:\Users\david\Documents\GitHub\overlix-demo\frontend\node_modules\@babel\traverse\lib\context.js:117:19)
      at traverseNode (C:\Users\david\Documents\GitHub\overlix-demo\frontend\node_modules\@babel\traverse\lib\traverse-node.js:130:17)
      at traverse (C:\Users\david\Documents\GitHub\overlix-demo\frontend\node_modules\@babel\traverse\lib\index.js:53:34)
      at NodePath.traverse (C:\Users\david\Documents\GitHub\overlix-demo\frontend\node_modules\@babel\traverse\lib\path\index.js:120:24)
      at Scope.crawl (C:\Users\david\Documents\GitHub\overlix-demo\frontend\node_modules\@babel\traverse\lib\scope\index.js:695:10)
      at Scope.init (C:\Users\david\Documents\GitHub\overlix-demo\frontend\node_modules\@babel\traverse\lib\scope\index.js:661:12)
      at NodePath.setScope (C:\Users\david\Documents\GitHub\overlix-demo\frontend\node_modules\@babel\traverse\lib\path\context.js:139:55)
      at NodePath.setContext (C:\Users\david\Documents\GitHub\overlix-demo\frontend\node_modules\@babel\traverse\lib\path\context.js:151:12)
      at new File (C:\Users\david\Documents\GitHub\overlix-demo\frontend\node_modules\@babel\core\lib\transformation\file\file.js:80:8)
      at normalizeFile (C:\Users\david\Documents\GitHub\overlix-demo\frontend\node_modules\@babel\core\lib\transformation\normalize-file.js:96:10)
      at normalizeFile.next (<anonymous>)
      at run (C:\Users\david\Documents\GitHub\overlix-demo\frontend\node_modules\@babel\core\lib\transformation\index.js:22:50)
      at run.next (<anonymous>)
      at transform (C:\Users\david\Documents\GitHub\overlix-demo\frontend\node_modules\@babel\core\lib\transform.js:22:33)
      at transform.next (<anonymous>)
      at step (C:\Users\david\Documents\GitHub\overlix-demo\frontend\node_modules\gensync\index.js:261:32)
      at C:\Users\david\Documents\GitHub\overlix-demo\frontend\node_modules\gensync\index.js:273:13
      at async.call.result.err.err (C:\Users\david\Documents\GitHub\overlix-demo\frontend\node_modules\gensync\index.js:223:11)
      at C:\Users\david\Documents\GitHub\overlix-demo\frontend\node_modules\gensync\index.js:189:28
      at C:\Users\david\Documents\GitHub\overlix-demo\frontend\node_modules\@babel\core\lib\gensync-utils\async.js:67:7
      at C:\Users\david\Documents\GitHub\overlix-demo\frontend\node_modules\gensync\index.js:113:33
      at step (C:\Users\david\Documents\GitHub\overlix-demo\frontend\node_modules\gensync\index.js:287:14)
      at C:\Users\david\Documents\GitHub\overlix-demo\frontend\node_modules\gensync\index.js:273:13
      at async.call.result.err.err (C:\Users\david\Documents\GitHub\overlix-demo\frontend\node_modules\gensync\index.js:223:11)
[2m01:09:40[22m [31m[1m[vite][22m[39m [31mInternal server error: Duplicate declaration "buildBusinessSlots"
[0m [90m 78 |[31m ]
 [90m 79 |[31m
[31m[1m>[22m[31m[90m 80 |[31m [36mfunction[31m buildBusinessSlots()[33m:[31m string[] {
 [90m    |[31m          [31m[1m^[22m[31m[31m[1m^[22m[31m[31m[1m^[22m[31m[31m[1m^[22m[31m[31m[1m^[22m[31m[31m[1m^[22m[31m[31m[1m^[22m[31m[31m[1m^[22m[31m[31m[1m^[22m[31m[31m[1m^[22m[31m[31m[1m^[22m[31m[31m[1m^[22m[31m[31m[1m^[22m[31m[31m[1m^[22m[31m[31m[1m^[22m[31m[31m[1m^[22m[31m[31m[1m^[22m[31m[31m[1m^[22m[31m
 [90m 81 |[31m   [36mconst[31m slots[33m:[31m string[] [33m=[31m []
 [90m 82 |[31m   [36mfor[31m ([36mlet[31m h [33m=[31m [33mOPEN_HOUR[31m[33m;[31m h [33m<[31m [33mCLOSE_HOUR[31m[33m;[31m h[33m++[31m) {
 [90m 83 |[31m     [36mfor[31m ([36mlet[31m m [33m=[31m [35m0[31m[33m;[31m m [33m<[31m [35m60[31m[33m;[31m m [33m+=[31m [33mSLOT_INTERVAL_MIN[31m) {[0m[39m
  Plugin: [35mvite:react-babel[39m
  File: [36mC:/Users/david/Documents/GitHub/overlix-demo/frontend/src/presupuesto/PresupuestoFlow.tsx[39m
      at File.buildCodeFrameError (C:\Users\david\Documents\GitHub\overlix-demo\frontend\node_modules\@babel\core\lib\transformation\file\file.js:189:12)
      at Scope.checkBlockScopedCollisions (C:\Users\david\Documents\GitHub\overlix-demo\frontend\node_modules\@babel\traverse\lib\scope\index.js:433:27)
      at Scope.registerBinding (C:\Users\david\Documents\GitHub\overlix-demo\frontend\node_modules\@babel\traverse\lib\scope\index.js:530:16)
      at Scope.registerDeclaration (C:\Users\david\Documents\GitHub\overlix-demo\frontend\node_modules\@babel\traverse\lib\scope\index.js:475:12)
      at Object.BlockScoped (C:\Users\david\Documents\GitHub\overlix-demo\frontend\node_modules\@babel\traverse\lib\scope\index.js:276:12)
      at Object.newFn (C:\Users\david\Documents\GitHub\overlix-demo\frontend\node_modules\@babel\traverse\lib\visitors.js:203:17)
      at NodePath._call (C:\Users\david\Documents\GitHub\overlix-demo\frontend\node_modules\@babel\traverse\lib\path\context.js:50:20)
      at NodePath.call (C:\Users\david\Documents\GitHub\overlix-demo\frontend\node_modules\@babel\traverse\lib\path\context.js:40:18)
      at NodePath.visit (C:\Users\david\Documents\GitHub\overlix-demo\frontend\node_modules\@babel\traverse\lib\path\context.js:87:31)
      at TraversalContext.visitQueue (C:\Users\david\Documents\GitHub\overlix-demo\frontend\node_modules\@babel\traverse\lib\context.js:96:16)
      at TraversalContext.visitMultiple (C:\Users\david\Documents\GitHub\overlix-demo\frontend\node_modules\@babel\traverse\lib\context.js:68:17)
      at TraversalContext.visit (C:\Users\david\Documents\GitHub\overlix-demo\frontend\node_modules\@babel\traverse\lib\context.js:117:19)
      at traverseNode (C:\Users\david\Documents\GitHub\overlix-demo\frontend\node_modules\@babel\traverse\lib\traverse-node.js:130:17)
      at traverse (C:\Users\david\Documents\GitHub\overlix-demo\frontend\node_modules\@babel\traverse\lib\index.js:53:34)
      at NodePath.traverse (C:\Users\david\Documents\GitHub\overlix-demo\frontend\node_modules\@babel\traverse\lib\path\index.js:120:24)
      at Scope.crawl (C:\Users\david\Documents\GitHub\overlix-demo\frontend\node_modules\@babel\traverse\lib\scope\index.js:695:10)
      at Scope.init (C:\Users\david\Documents\GitHub\overlix-demo\frontend\node_modules\@babel\traverse\lib\scope\index.js:661:12)
      at NodePath.setScope (C:\Users\david\Documents\GitHub\overlix-demo\frontend\node_modules\@babel\traverse\lib\path\context.js:139:55)
      at NodePath.setContext (C:\Users\david\Documents\GitHub\overlix-demo\frontend\node_modules\@babel\traverse\lib\path\context.js:151:12)
      at new File (C:\Users\david\Documents\GitHub\overlix-demo\frontend\node_modules\@babel\core\lib\transformation\file\file.js:80:8)
      at normalizeFile (C:\Users\david\Documents\GitHub\overlix-demo\frontend\node_modules\@babel\core\lib\transformation\normalize-file.js:96:10)
      at normalizeFile.next (<anonymous>)
      at run (C:\Users\david\Documents\GitHub\overlix-demo\frontend\node_modules\@babel\core\lib\transformation\index.js:22:50)
      at run.next (<anonymous>)
      at transform (C:\Users\david\Documents\GitHub\overlix-demo\frontend\node_modules\@babel\core\lib\transform.js:22:33)
      at transform.next (<anonymous>)
      at step (C:\Users\david\Documents\GitHub\overlix-demo\frontend\node_modules\gensync\index.js:261:32)
      at C:\Users\david\Documents\GitHub\overlix-demo\frontend\node_modules\gensync\index.js:273:13
      at async.call.result.err.err (C:\Users\david\Documents\GitHub\overlix-demo\frontend\node_modules\gensync\index.js:223:11)
      at C:\Users\david\Documents\GitHub\overlix-demo\frontend\node_modules\gensync\index.js:189:28
      at C:\Users\david\Documents\GitHub\overlix-demo\frontend\node_modules\@babel\core\lib\gensync-utils\async.js:67:7
      at C:\Users\david\Documents\GitHub\overlix-demo\frontend\node_modules\gensync\index.js:113:33
      at step (C:\Users\david\Documents\GitHub\overlix-demo\frontend\node_modules\gensync\index.js:287:14)
      at C:\Users\david\Documents\GitHub\overlix-demo\frontend\node_modules\gensync\index.js:273:13
      at async.call.result.err.err (C:\Users\david\Documents\GitHub\overlix-demo\frontend\node_modules\gensync\index.js:223:11)
[2m01:09:41[22m [36m[1m[vite][22m[39m [32mhmr update [39m[2m/src/presupuesto/PresupuestoFlow.tsx, /src/index.css[22m
[2m01:09:41[22m [31m[1m[vite][22m[39m [31mInternal server error: Duplicate declaration "buildBusinessSlots"
[0m [90m 73 |[31m ]
 [90m 74 |[31m
[31m[1m>[22m[31m[90m 75 |[31m [36mfunction[31m buildBusinessSlots()[33m:[31m string[] {
 [90m    |[31m          [31m[1m^[22m[31m[31m[1m^[22m[31m[31m[1m^[22m[31m[31m[1m^[22m[31m[31m[1m^[22m[31m[31m[1m^[22m[31m[31m[1m^[22m[31m[31m[1m^[22m[31m[31m[1m^[22m[31m[31m[1m^[22m[31m[31m[1m^[22m[31m[31m[1m^[22m[31m[31m[1m^[22m[31m[31m[1m^[22m[31m[31m[1m^[22m[31m[31m[1m^[22m[31m[31m[1m^[22m[31m[31m[1m^[22m[31m
 [90m 76 |[31m   [36mconst[31m slots[33m:[31m string[] [33m=[31m []
 [90m 77 |[31m   [36mfor[31m ([36mlet[31m h [33m=[31m [33mOPEN_HOUR[31m[33m;[31m h [33m<[31m [33mCLOSE_HOUR[31m[33m;[31m h[33m++[31m) {
 [90m 78 |[31m     [36mfor[31m ([36mlet[31m m [33m=[31m [35m0[31m[33m;[31m m [33m<[31m [35m60[31m[33m;[31m m [33m+=[31m [33mSLOT_INTERVAL_MIN[31m) {[0m[39m
  Plugin: [35mvite:react-babel[39m
  File: [36mC:/Users/david/Documents/GitHub/overlix-demo/frontend/src/presupuesto/PresupuestoFlow.tsx[39m
      at File.buildCodeFrameError (C:\Users\david\Documents\GitHub\overlix-demo\frontend\node_modules\@babel\core\lib\transformation\file\file.js:189:12)
      at Scope.checkBlockScopedCollisions (C:\Users\david\Documents\GitHub\overlix-demo\frontend\node_modules\@babel\traverse\lib\scope\index.js:433:27)
      at Scope.registerBinding (C:\Users\david\Documents\GitHub\overlix-demo\frontend\node_modules\@babel\traverse\lib\scope\index.js:530:16)
      at Scope.registerDeclaration (C:\Users\david\Documents\GitHub\overlix-demo\frontend\node_modules\@babel\traverse\lib\scope\index.js:475:12)
      at Object.BlockScoped (C:\Users\david\Documents\GitHub\overlix-demo\frontend\node_modules\@babel\traverse\lib\scope\index.js:276:12)
      at Object.newFn (C:\Users\david\Documents\GitHub\overlix-demo\frontend\node_modules\@babel\traverse\lib\visitors.js:203:17)
      at NodePath._call (C:\Users\david\Documents\GitHub\overlix-demo\frontend\node_modules\@babel\traverse\lib\path\context.js:50:20)
      at NodePath.call (C:\Users\david\Documents\GitHub\overlix-demo\frontend\node_modules\@babel\traverse\lib\path\context.js:40:18)
      at NodePath.visit (C:\Users\david\Documents\GitHub\overlix-demo\frontend\node_modules\@babel\traverse\lib\path\context.js:87:31)
      at TraversalContext.visitQueue (C:\Users\david\Documents\GitHub\overlix-demo\frontend\node_modules\@babel\traverse\lib\context.js:96:16)
      at TraversalContext.visitMultiple (C:\Users\david\Documents\GitHub\overlix-demo\frontend\node_modules\@babel\traverse\lib\context.js:68:17)
      at TraversalContext.visit (C:\Users\david\Documents\GitHub\overlix-demo\frontend\node_modules\@babel\traverse\lib\context.js:117:19)
      at traverseNode (C:\Users\david\Documents\GitHub\overlix-demo\frontend\node_modules\@babel\traverse\lib\traverse-node.js:130:17)
      at traverse (C:\Users\david\Documents\GitHub\overlix-demo\frontend\node_modules\@babel\traverse\lib\index.js:53:34)
      at NodePath.traverse (C:\Users\david\Documents\GitHub\overlix-demo\frontend\node_modules\@babel\traverse\lib\path\index.js:120:24)
      at Scope.crawl (C:\Users\david\Documents\GitHub\overlix-demo\frontend\node_modules\@babel\traverse\lib\scope\index.js:695:10)
      at Scope.init (C:\Users\david\Documents\GitHub\overlix-demo\frontend\node_modules\@babel\traverse\lib\scope\index.js:661:12)
      at NodePath.setScope (C:\Users\david\Documents\GitHub\overlix-demo\frontend\node_modules\@babel\traverse\lib\path\context.js:139:55)
      at NodePath.setContext (C:\Users\david\Documents\GitHub\overlix-demo\frontend\node_modules\@babel\traverse\lib\path\context.js:151:12)
      at new File (C:\Users\david\Documents\GitHub\overlix-demo\frontend\node_modules\@babel\core\lib\transformation\file\file.js:80:8)
      at normalizeFile (C:\Users\david\Documents\GitHub\overlix-demo\frontend\node_modules\@babel\core\lib\transformation\normalize-file.js:96:10)
      at normalizeFile.next (<anonymous>)
      at run (C:\Users\david\Documents\GitHub\overlix-demo\frontend\node_modules\@babel\core\lib\transformation\index.js:22:50)
      at run.next (<anonymous>)
      at transform (C:\Users\david\Documents\GitHub\overlix-demo\frontend\node_modules\@babel\core\lib\transform.js:22:33)
      at transform.next (<anonymous>)
      at step (C:\Users\david\Documents\GitHub\overlix-demo\frontend\node_modules\gensync\index.js:261:32)
      at C:\Users\david\Documents\GitHub\overlix-demo\frontend\node_modules\gensync\index.js:273:13
      at async.call.result.err.err (C:\Users\david\Documents\GitHub\overlix-demo\frontend\node_modules\gensync\index.js:223:11)
      at C:\Users\david\Documents\GitHub\overlix-demo\frontend\node_modules\gensync\index.js:189:28
      at C:\Users\david\Documents\GitHub\overlix-demo\frontend\node_modules\@babel\core\lib\gensync-utils\async.js:67:7
      at C:\Users\david\Documents\GitHub\overlix-demo\frontend\node_modules\gensync\index.js:113:33
      at step (C:\Users\david\Documents\GitHub\overlix-demo\frontend\node_modules\gensync\index.js:287:14)
      at C:\Users\david\Documents\GitHub\overlix-demo\frontend\node_modules\gensync\index.js:273:13
      at async.call.result.err.err (C:\Users\david\Documents\GitHub\overlix-demo\frontend\node_modules\gensync\index.js:223:11)
[2m01:09:41[22m [31m[1m[vite][22m[39m [31mInternal server error: Duplicate declaration "buildBusinessSlots"
[0m [90m 73 |[31m ]
 [90m 74 |[31m
[31m[1m>[22m[31m[90m 75 |[31m [36mfunction[31m buildBusinessSlots()[33m:[31m string[] {
 [90m    |[31m          [31m[1m^[22m[31m[31m[1m^[22m[31m[31m[1m^[22m[31m[31m[1m^[22m[31m[31m[1m^[22m[31m[31m[1m^[22m[31m[31m[1m^[22m[31m[31m[1m^[22m[31m[31m[1m^[22m[31m[31m[1m^[22m[31m[31m[1m^[22m[31m[31m[1m^[22m[31m[31m[1m^[22m[31m[31m[1m^[22m[31m[31m[1m^[22m[31m[31m[1m^[22m[31m[31m[1m^[22m[31m[31m[1m^[22m[31m
 [90m 76 |[31m   [36mconst[31m slots[33m:[31m string[] [33m=[31m []
 [90m 77 |[31m   [36mfor[31m ([36mlet[31m h [33m=[31m [33mOPEN_HOUR[31m[33m;[31m h [33m<[31m [33mCLOSE_HOUR[31m[33m;[31m h[33m++[31m) {
 [90m 78 |[31m     [36mfor[31m ([36mlet[31m m [33m=[31m [35m0[31m[33m;[31m m [33m<[31m [35m60[31m[33m;[31m m [33m+=[31m [33mSLOT_INTERVAL_MIN[31m) {[0m[39m
  Plugin: [35mvite:react-babel[39m
  File: [36mC:/Users/david/Documents/GitHub/overlix-demo/frontend/src/presupuesto/PresupuestoFlow.tsx[39m
      at File.buildCodeFrameError (C:\Users\david\Documents\GitHub\overlix-demo\frontend\node_modules\@babel\core\lib\transformation\file\file.js:189:12)
      at Scope.checkBlockScopedCollisions (C:\Users\david\Documents\GitHub\overlix-demo\frontend\node_modules\@babel\traverse\lib\scope\index.js:433:27)
      at Scope.registerBinding (C:\Users\david\Documents\GitHub\overlix-demo\frontend\node_modules\@babel\traverse\lib\scope\index.js:530:16)
      at Scope.registerDeclaration (C:\Users\david\Documents\GitHub\overlix-demo\frontend\node_modules\@babel\traverse\lib\scope\index.js:475:12)
      at Object.BlockScoped (C:\Users\david\Documents\GitHub\overlix-demo\frontend\node_modules\@babel\traverse\lib\scope\index.js:276:12)
      at Object.newFn (C:\Users\david\Documents\GitHub\overlix-demo\frontend\node_modules\@babel\traverse\lib\visitors.js:203:17)
      at NodePath._call (C:\Users\david\Documents\GitHub\overlix-demo\frontend\node_modules\@babel\traverse\lib\path\context.js:50:20)
      at NodePath.call (C:\Users\david\Documents\GitHub\overlix-demo\frontend\node_modules\@babel\traverse\lib\path\context.js:40:18)
      at NodePath.visit (C:\Users\david\Documents\GitHub\overlix-demo\frontend\node_modules\@babel\traverse\lib\path\context.js:87:31)
      at TraversalContext.visitQueue (C:\Users\david\Documents\GitHub\overlix-demo\frontend\node_modules\@babel\traverse\lib\context.js:96:16)
      at TraversalContext.visitMultiple (C:\Users\david\Documents\GitHub\overlix-demo\frontend\node_modules\@babel\traverse\lib\context.js:68:17)
      at TraversalContext.visit (C:\Users\david\Documents\GitHub\overlix-demo\frontend\node_modules\@babel\traverse\lib\context.js:117:19)
      at traverseNode (C:\Users\david\Documents\GitHub\overlix-demo\frontend\node_modules\@babel\traverse\lib\traverse-node.js:130:17)
      at traverse (C:\Users\david\Documents\GitHub\overlix-demo\frontend\node_modules\@babel\traverse\lib\index.js:53:34)
      at NodePath.traverse (C:\Users\david\Documents\GitHub\overlix-demo\frontend\node_modules\@babel\traverse\lib\path\index.js:120:24)
      at Scope.crawl (C:\Users\david\Documents\GitHub\overlix-demo\frontend\node_modules\@babel\traverse\lib\scope\index.js:695:10)
      at Scope.init (C:\Users\david\Documents\GitHub\overlix-demo\frontend\node_modules\@babel\traverse\lib\scope\index.js:661:12)
      at NodePath.setScope (C:\Users\david\Documents\GitHub\overlix-demo\frontend\node_modules\@babel\traverse\lib\path\context.js:139:55)
      at NodePath.setContext (C:\Users\david\Documents\GitHub\overlix-demo\frontend\node_modules\@babel\traverse\lib\path\context.js:151:12)
      at new File (C:\Users\david\Documents\GitHub\overlix-demo\frontend\node_modules\@babel\core\lib\transformation\file\file.js:80:8)
      at normalizeFile (C:\Users\david\Documents\GitHub\overlix-demo\frontend\node_modules\@babel\core\lib\transformation\normalize-file.js:96:10)
      at normalizeFile.next (<anonymous>)
      at run (C:\Users\david\Documents\GitHub\overlix-demo\frontend\node_modules\@babel\core\lib\transformation\index.js:22:50)
      at run.next (<anonymous>)
      at transform (C:\Users\david\Documents\GitHub\overlix-demo\frontend\node_modules\@babel\core\lib\transform.js:22:33)
      at transform.next (<anonymous>)
      at step (C:\Users\david\Documents\GitHub\overlix-demo\frontend\node_modules\gensync\index.js:261:32)
      at C:\Users\david\Documents\GitHub\overlix-demo\frontend\node_modules\gensync\index.js:273:13
      at async.call.result.err.err (C:\Users\david\Documents\GitHub\overlix-demo\frontend\node_modules\gensync\index.js:223:11)
      at C:\Users\david\Documents\GitHub\overlix-demo\frontend\node_modules\gensync\index.js:189:28
      at C:\Users\david\Documents\GitHub\overlix-demo\frontend\node_modules\@babel\core\lib\gensync-utils\async.js:67:7
      at C:\Users\david\Documents\GitHub\overlix-demo\frontend\node_modules\gensync\index.js:113:33
      at step (C:\Users\david\Documents\GitHub\overlix-demo\frontend\node_modules\gensync\index.js:287:14)
      at C:\Users\david\Documents\GitHub\overlix-demo\frontend\node_modules\gensync\index.js:273:13
      at async.call.result.err.err (C:\Users\david\Documents\GitHub\overlix-demo\frontend\node_modules\gensync\index.js:223:11)
[2m01:09:46[22m [36m[1m[vite][22m[39m [32mhmr update [39m[2m/src/presupuesto/PresupuestoFlow.tsx, /src/index.css[22m
[2m01:09:52[22m [36m[1m[vite][22m[39m [32mhmr update [39m[2m/src/presupuesto/PresupuestoFlow.tsx, /src/index.css[22m
[2m01:09:57[22m [36m[1m[vite][22m[39m [32mhmr update [39m[2m/src/presupuesto/PresupuestoFlow.tsx, /src/index.css[22m
[2m01:09:58[22m [36m[1m[vite][22m[39m [32mhmr update [39m[2m/src/presupuesto/PresupuestoFlow.tsx, /src/index.css[22m
[2m01:09:59[22m [36m[1m[vite][22m[39m [32mhmr update [39m[2m/src/presupuesto/PresupuestoFlow.tsx, /src/index.css[22m
[2m01:09:59[22m [36m[1m[vite][22m[39m [32mhmr update [39m[2m/src/presupuesto/PresupuestoFlow.tsx, /src/index.css[22m
[2m01:38:34[22m [36m[1m[vite][22m[39m [32mhmr update [39m[2m/src/presupuesto/ServicesPage.tsx, /src/index.css, /src/presupuesto/TrackingPage.tsx, /src/presupuesto/BookingPage.tsx, /src/presupuesto/Header.tsx, /src/presupuesto/Footer.tsx, /src/presupuesto/PresupuestoFlow.tsx, /src/presupuesto/LegalPage.tsx, /src/presupuesto/ServicesListPage.tsx[22m
[2m01:38:34[22m [36m[1m[vite][22m[39m [32mhmr update [39m[2m/src/presupuesto/ServicesPage.tsx, /src/index.css, /src/presupuesto/TrackingPage.tsx, /src/presupuesto/BookingPage.tsx, /src/presupuesto/Header.tsx, /src/presupuesto/Footer.tsx, /src/presupuesto/PresupuestoFlow.tsx, /src/presupuesto/LegalPage.tsx, /src/presupuesto/ServicesListPage.tsx[22m
[2m01:39:20[22m [36m[1m[vite][22m[39m [32mhmr update [39m[2m/src/features/settings/components/TenantPageSection.tsx, /src/index.css[22m
[2m01:52:23[22m [36m[1m[vite][22m[39m [32mhmr update [39m[2m/src/presupuesto/Footer.tsx, /src/index.css[22m
[2m01:52:23[22m [36m[1m[vite][22m[39m [32mhmr update [39m[2m/src/presupuesto/Footer.tsx, /src/index.css[22m
[2m01:52:29[22m [36m[1m[vite][22m[39m [32mhmr update [39m[2m/src/presupuesto/Footer.tsx, /src/index.css[22m
[2m01:59:52[22m [36m[1m[vite][22m[39m [32mhmr update [39m[2m/src/presupuesto/Footer.tsx, /src/index.css[22m
[2m02:05:38[22m [36m[1m[vite][22m[39m [32mhmr update [39m[2m/src/presupuesto/ServicesPage.tsx, /src/index.css, /src/presupuesto/TrackingPage.tsx, /src/presupuesto/BookingPage.tsx, /src/presupuesto/Header.tsx, /src/presupuesto/Footer.tsx, /src/presupuesto/PresupuestoFlow.tsx, /src/presupuesto/LegalPage.tsx, /src/presupuesto/ServicesListPage.tsx[22m
[2m02:05:39[22m [36m[1m[vite][22m[39m [32mpage reload [39m[2msrc/features/settings/types/tenantPage/tenantPage.types.ts[22m
[2m02:05:58[22m [36m[1m[vite][22m[39m [32mhmr update [39m[2m/src/features/settings/components/TenantPageSection.tsx, /src/index.css[22m
[2m02:06:25[22m [36m[1m[vite][22m[39m [32mhmr update [39m[2m/src/presupuesto/Footer.tsx, /src/index.css[22m
[2m02:06:32[22m [36m[1m[vite][22m[39m [32mhmr update [39m[2m/src/presupuesto/Footer.tsx, /src/index.css[22m
[2m02:06:38[22m [36m[1m[vite][22m[39m [32mhmr update [39m[2m/src/presupuesto/Footer.tsx, /src/index.css[22m
[2m02:06:57[22m [36m[1m[vite][22m[39m [32mhmr update [39m[2m/src/presupuesto/Footer.tsx, /src/index.css[22m
[2m02:21:51[22m [36m[1m[vite][22m[39m [32mhmr update [39m[2m/src/presupuesto/ServicesPage.tsx, /src/index.css[22m
[2m03:08:31[22m [36m[1m[vite][22m[39m [32mhmr update [39m[2m/src/index.css, /src/presupuesto/PresupuestoFlow.tsx, /src/presupuesto/ServicesListPage.tsx[22m
[2m03:08:32[22m [36m[1m[vite][22m[39m [32mhmr update [39m[2m/src/index.css, /src/presupuesto/PresupuestoFlow.tsx, /src/presupuesto/ServicesListPage.tsx[22m
[2m03:08:41[22m [36m[1m[vite][22m[39m [32mhmr update [39m[2m/src/index.css, /src/presupuesto/PresupuestoFlow.tsx, /src/presupuesto/ServicesListPage.tsx[22m
[2m03:09:11[22m [36m[1m[vite][22m[39m [32mhmr update [39m[2m/src/presupuesto/PresupuestoFlow.tsx, /src/index.css[22m
[2m03:09:17[22m [36m[1m[vite][22m[39m [32mhmr update [39m[2m/src/presupuesto/PresupuestoFlow.tsx, /src/index.css[22m
[2m03:09:30[22m [36m[1m[vite][22m[39m [32mhmr update [39m[2m/src/presupuesto/PresupuestoFlow.tsx, /src/index.css[22m
[2m03:09:39[22m [36m[1m[vite][22m[39m [32mhmr update [39m[2m/src/presupuesto/PresupuestoFlow.tsx, /src/index.css[22m
[2m03:09:51[22m [36m[1m[vite][22m[39m [32mhmr update [39m[2m/src/presupuesto/PresupuestoFlow.tsx, /src/index.css[22m
[2m03:11:38[22m [36m[1m[vite][22m[39m [32mhmr update [39m[2m/src/app/router.tsx, /src/index.css[22m
[2m03:11:43[22m [36m[1m[vite][22m[39m [32mhmr update [39m[2m/src/app/router.tsx, /src/index.css[22m
[2m03:11:50[22m [36m[1m[vite][22m[39m [32mhmr update [39m[2m/src/index.css, /src/shared/components/layouts/AdminSidebar.tsx[22m
[2m03:11:56[22m [36m[1m[vite][22m[39m [32mhmr update [39m[2m/src/index.css, /src/shared/components/layouts/AdminSidebar.tsx[22m
[2m03:48:44[22m [36m[1m[vite][22m[39m [32mhmr update [39m[2m/src/shared/components/layouts/AdminTopBar.tsx, /src/index.css, /src/features/settings/pages/notifications/NotificationsPage.tsx[22m
[2m03:48:44[22m [36m[1m[vite][22m[39m [32mhmr update [39m[2m/src/shared/components/layouts/AdminTopBar.tsx, /src/index.css, /src/features/settings/pages/notifications/NotificationsPage.tsx[22m
[2m03:49:08[22m [36m[1m[vite][22m[39m [32mhmr update [39m[2m/src/shared/components/layouts/AdminTopBar.tsx, /src/index.css[22m
[2m03:49:17[22m [36m[1m[vite][22m[39m [32mhmr update [39m[2m/src/shared/components/layouts/AdminTopBar.tsx, /src/index.css[22m
[2m03:49:26[22m [36m[1m[vite][22m[39m [32mhmr update [39m[2m/src/shared/components/layouts/AdminTopBar.tsx, /src/index.css[22m
[2m03:49:37[22m [36m[1m[vite][22m[39m [32mhmr update [39m[2m/src/features/settings/pages/notifications/NotificationsPage.tsx, /src/index.css[22m
[2m03:49:51[22m [36m[1m[vite][22m[39m [32mhmr update [39m[2m/src/shared/components/layouts/AdminTopBar.tsx, /src/index.css[22m
[2m03:49:56[22m [36m[1m[vite][22m[39m [32mhmr update [39m[2m/src/shared/components/layouts/AdminTopBar.tsx, /src/index.css[22m
[2m03:50:03[22m [36m[1m[vite][22m[39m [32mhmr update [39m[2m/src/shared/components/layouts/AdminTopBar.tsx, /src/index.css[22m
[2m03:50:10[22m [36m[1m[vite][22m[39m [32mhmr update [39m[2m/src/shared/components/layouts/AdminTopBar.tsx, /src/index.css[22m
[2m03:52:09[22m [36m[1m[vite][22m[39m [32mhmr update [39m[2m/src/shared/components/layouts/AdminTopBar.tsx, /src/index.css[22m
[2m03:52:15[22m [36m[1m[vite][22m[39m [32mhmr update [39m[2m/src/shared/components/layouts/AdminTopBar.tsx, /src/index.css, /src/features/settings/pages/notifications/NotificationsPage.tsx[22m
[2m03:53:25[22m [36m[1m[vite][22m[39m [32mhmr update [39m[2m/src/app/router.tsx, /src/index.css[22m
[2m03:53:25[22m [36m[1m[vite][22m[39m [32mhmr update [39m[2m/src/features/settings/components/TenantPageSection.tsx, /src/index.css[22m
[2m03:53:25[22m [36m[1m[vite][22m[39m [32mhmr update [39m[2m/src/features/settings/pages/notifications/NotificationsPage.tsx, /src/index.css[22m
[2m03:53:25[22m [36m[1m[vite][22m[39m [32mpage reload [39m[2msrc/features/settings/types/tenantPage/tenantPage.types.ts[22m
[2m03:53:25[22m [36m[1m[vite][22m[39m [32mhmr update [39m[2m/src/presupuesto/Footer.tsx, /src/index.css[22m
[2m03:53:25[22m [36m[1m[vite][22m[39m [32mhmr update [39m[2m/src/shared/components/layouts/AdminTopBar.tsx, /src/index.css, /src/features/settings/pages/notifications/NotificationsPage.tsx[22m
[2m03:53:25[22m [36m[1m[vite][22m[39m [32mhmr update [39m[2m/src/shared/components/layouts/AdminTopBar.tsx, /src/index.css[22m
[2m03:53:25[22m [36m[1m[vite][22m[39m [32mhmr update [39m[2m/src/index.css, /src/shared/components/layouts/AdminSidebar.tsx[22m
[2m03:53:25[22m [36m[1m[vite][22m[39m [32mhmr update [39m[2m/src/presupuesto/LegalPage.tsx, /src/index.css[22m
[2m03:53:25[22m [36m[1m[vite][22m[39m [32mhmr update [39m[2m/src/presupuesto/PresupuestoFlow.tsx, /src/index.css[22m
[2m03:53:25[22m [36m[1m[vite][22m[39m [32mhmr update [39m[2m/src/presupuesto/ServicesPage.tsx, /src/index.css[22m
[2m03:53:25[22m [36m[1m[vite][22m[39m [32mhmr update [39m[2m/src/index.css, /src/presupuesto/PresupuestoFlow.tsx, /src/presupuesto/ServicesListPage.tsx[22m
[2m03:53:25[22m [36m[1m[vite][22m[39m [32mhmr update [39m[2m/src/presupuesto/ServicesPage.tsx, /src/index.css, /src/presupuesto/TrackingPage.tsx, /src/presupuesto/BookingPage.tsx, /src/presupuesto/Header.tsx, /src/presupuesto/Footer.tsx, /src/presupuesto/PresupuestoFlow.tsx, /src/presupuesto/LegalPage.tsx, /src/presupuesto/ServicesListPage.tsx[22m
[2m03:56:43[22m [36m[1m[vite][22m[39m [32mhmr update [39m[2m/src/shared/components/layouts/AdminTopBar.tsx, /src/index.css[22m
[2m03:57:25[22m [36m[1m[vite][22m[39m [32mhmr update [39m[2m/src/features/settings/components/TenantPageSection.tsx, /src/index.css[22m
[2m03:57:25[22m [36m[1m[vite][22m[39m [32mhmr update [39m[2m/src/features/settings/pages/notifications/NotificationsPage.tsx, /src/index.css[22m
[2m03:57:25[22m [36m[1m[vite][22m[39m [32mpage reload [39m[2msrc/features/settings/types/tenantPage/tenantPage.types.ts[22m
[2m03:57:25[22m [36m[1m[vite][22m[39m [32mhmr update [39m[2m/src/presupuesto/Footer.tsx, /src/index.css[22m
[2m03:57:25[22m [36m[1m[vite][22m[39m [32mhmr update [39m[2m/src/shared/components/layouts/AdminTopBar.tsx, /src/index.css, /src/features/settings/pages/notifications/NotificationsPage.tsx[22m
[2m03:57:25[22m [36m[1m[vite][22m[39m [32mhmr update [39m[2m/src/index.css, /src/shared/components/layouts/AdminSidebar.tsx[22m
[2m03:57:25[22m [36m[1m[vite][22m[39m [32mhmr update [39m[2m/src/features/settings/components/TenantPageSection.tsx, /src/index.css[22m
[2m03:57:25[22m [36m[1m[vite][22m[39m [32mhmr update [39m[2m/src/app/router.tsx, /src/index.css[22m
[2m03:57:25[22m [36m[1m[vite][22m[39m [32mhmr update [39m[2m/src/features/settings/pages/notifications/NotificationsPage.tsx, /src/index.css[22m
[2m03:57:25[22m [36m[1m[vite][22m[39m [32mpage reload [39m[2msrc/features/settings/types/tenantPage/tenantPage.types.ts[22m
[2m03:57:25[22m [36m[1m[vite][22m[39m [32mhmr update [39m[2m/src/presupuesto/Footer.tsx, /src/index.css[22m
[2m03:57:25[22m [36m[1m[vite][22m[39m [32mhmr update [39m[2m/src/presupuesto/LegalPage.tsx, /src/index.css[22m
[2m03:57:25[22m [36m[1m[vite][22m[39m [32mhmr update [39m[2m/src/presupuesto/PresupuestoFlow.tsx, /src/index.css[22m
[2m03:57:25[22m [36m[1m[vite][22m[39m [32mhmr update [39m[2m/src/presupuesto/ServicesPage.tsx, /src/index.css[22m
[2m03:57:25[22m [36m[1m[vite][22m[39m [32mhmr update [39m[2m/src/index.css, /src/presupuesto/PresupuestoFlow.tsx, /src/presupuesto/ServicesListPage.tsx[22m
[2m03:57:25[22m [36m[1m[vite][22m[39m [32mhmr update [39m[2m/src/presupuesto/ServicesPage.tsx, /src/index.css, /src/presupuesto/TrackingPage.tsx, /src/presupuesto/BookingPage.tsx, /src/presupuesto/Header.tsx, /src/presupuesto/Footer.tsx, /src/presupuesto/PresupuestoFlow.tsx, /src/presupuesto/LegalPage.tsx, /src/presupuesto/ServicesListPage.tsx[22m
[2m03:57:25[22m [36m[1m[vite][22m[39m [32mhmr update [39m[2m/src/shared/components/layouts/AdminTopBar.tsx, /src/index.css, /src/features/settings/pages/notifications/NotificationsPage.tsx[22m
[2m03:57:25[22m [36m[1m[vite][22m[39m [32mhmr update [39m[2m/src/index.css, /src/shared/components/layouts/AdminSidebar.tsx[22m
[2m03:57:25[22m [36m[1m[vite][22m[39m [32mhmr update [39m[2m/src/app/router.tsx, /src/index.css[22m
[2m04:16:29[22m [36m[1m[vite][22m[39m [32mhmr update [39m[2m/src/shared/components/layouts/AdminTopBar.tsx, /src/index.css, /src/features/settings/pages/notifications/NotificationsPage.tsx[22m
[2m04:17:06[22m [36m[1m[vite][22m[39m [32mhmr update [39m[2m/src/shared/components/layouts/AdminTopBar.tsx, /src/index.css[22m
[2m04:17:20[22m [36m[1m[vite][22m[39m [32mhmr update [39m[2m/src/shared/components/layouts/AdminTopBar.tsx, /src/index.css[22m
[2m04:17:26[22m [36m[1m[vite][22m[39m [32mhmr update [39m[2m/src/shared/components/notifications/SimpleNotifications.tsx, /src/index.css[22m
[2m04:35:17[22m [36m[1m[vite][22m[39m [32mpage reload [39m[2mtailwind.config.cjs[22m
[2m04:45:21[22m [36m[1m[vite][22m[39m [32mpage reload [39m[2mtailwind.config.cjs[22m
[2m04:46:10[22m [36m[1m[vite][22m[39m [32mhmr update [39m[2m/src/shared/components/notifications/SimpleNotifications.tsx, /src/index.css[22m
[2m05:24:20[22m [36m[1m[vite][22m[39m [32mhmr update [39m[2m/src/index.css, /src/presupuesto/PresupuestoFlow.tsx, /src/presupuesto/ServicesListPage.tsx[22m
[2m05:24:20[22m [36m[1m[vite][22m[39m [32mhmr update [39m[2m/src/index.css, /src/presupuesto/PresupuestoFlow.tsx, /src/presupuesto/ServicesListPage.tsx[22m
[2m05:24:57[22m [36m[1m[vite][22m[39m [32mhmr update [39m[2m/src/presupuesto/PresupuestoFlow.tsx, /src/index.css[22m
[2m05:25:07[22m [36m[1m[vite][22m[39m [32mhmr update [39m[2m/src/presupuesto/PresupuestoFlow.tsx, /src/index.css[22m
[2m05:25:14[22m [36m[1m[vite][22m[39m [32mhmr update [39m[2m/src/presupuesto/PresupuestoFlow.tsx, /src/index.css[22m
[2m05:25:45[22m [36m[1m[vite][22m[39m [32mhmr update [39m[2m/src/presupuesto/PresupuestoFlow.tsx, /src/index.css[22m
[2m05:25:54[22m [36m[1m[vite][22m[39m [32mhmr update [39m[2m/src/presupuesto/PresupuestoFlow.tsx, /src/index.css[22m
[2m05:26:51[22m [36m[1m[vite][22m[39m [32mhmr update [39m[2m/src/presupuesto/PresupuestoFlow.tsx, /src/index.css[22m
[2m05:27:03[22m [36m[1m[vite][22m[39m [32mhmr update [39m[2m/src/presupuesto/PresupuestoFlow.tsx, /src/index.css[22m
[2m05:28:51[22m [36m[1m[vite][22m[39m [32mhmr update [39m[2m/src/presupuesto/PresupuestoFlow.tsx, /src/index.css[22m
[2m05:29:02[22m [36m[1m[vite][22m[39m [32mhmr update [39m[2m/src/presupuesto/PresupuestoFlow.tsx, /src/index.css[22m
[2m05:29:09[22m [36m[1m[vite][22m[39m [32mhmr update [39m[2m/src/presupuesto/PresupuestoFlow.tsx, /src/index.css[22m
[2m05:29:48[22m [36m[1m[vite][22m[39m [32mhmr update [39m[2m/src/presupuesto/PresupuestoFlow.tsx, /src/index.css[22m
[2m05:31:54[22m [36m[1m[vite][22m[39m [32mhmr update [39m[2m/src/presupuesto/TrackingPage.tsx, /src/index.css[22m
[2m05:31:55[22m [36m[1m[vite][22m[39m [32mhmr update [39m[2m/src/presupuesto/TrackingPage.tsx, /src/index.css[22m
[2m05:32:07[22m [36m[1m[vite][22m[39m [32mhmr update [39m[2m/src/presupuesto/TrackingPage.tsx, /src/index.css[22m
[2m05:32:42[22m [36m[1m[vite][22m[39m [32mhmr update [39m[2m/src/presupuesto/TrackingPage.tsx, /src/index.css[22m
[2m05:32:48[22m [36m[1m[vite][22m[39m [32mhmr update [39m[2m/src/presupuesto/TrackingPage.tsx, /src/index.css[22m
[2m05:34:14[22m [36m[1m[vite][22m[39m [32mhmr update [39m[2m/src/features/budgetRequests/pages/BudgetRequestsPage.tsx, /src/index.css[22m
